bol_window,bol_std,long_ma,sharpe_ratio,win_rate
65,3.0,500,2.3227281085962623,50.413223140495866
65,3.0,400,2.312908363402062,49.21875
65,3.0,550,2.306870889061271,50.86206896551724
65,3.0,450,2.2900248056266226,50.0
65,3.0,600,2.275486657482543,50.0
65,3.0,350,2.260187906120369,48.4375
100,3.0,500,2.2371074069679815,57.14285714285714
65,3.0,300,2.22038619580346,48.1203007518797
65,3.0,650,2.1803024101044035,50.45045045045045
65,3.0,700,2.163351492764129,50.45871559633027
65,3.0,750,2.155304158611516,50.943396226415096
105,2.0,550,2.1464155454304867,45.63758389261745
105,2.5,550,2.1464155454304867,45.63758389261745
100,3.0,550,2.13874408462137,56.62650602409639
100,2.0,550,2.1292389309025976,44.65408805031446
100,2.5,550,2.1292389309025976,44.65408805031446
95,3.0,500,2.111335503635233,57.95454545454546
70,3.0,600,2.09867470279869,49.09090909090909
105,2.0,600,2.07638069340819,45.51724137931035
105,2.5,600,2.07638069340819,45.51724137931035
95,2.0,550,2.0733583217660643,42.42424242424242
95,2.5,550,2.0733583217660643,42.42424242424242
100,2.0,600,2.0692317804886757,43.225806451612904
100,2.5,600,2.0692317804886757,43.225806451612904
95,2.0,600,2.0633047388132177,43.47826086956522
95,2.5,600,2.0633047388132177,43.47826086956522
100,3.0,350,2.062241788295666,52.17391304347826
105,2.0,500,2.0612027949008134,44.44444444444444
105,2.5,500,2.0612027949008134,44.44444444444444
100,2.0,500,2.059009812662881,43.82716049382716
100,2.5,500,2.059009812662881,43.82716049382716
100,3.0,450,2.0430563968840354,53.333333333333336
70,2.0,550,2.034658257471272,42.3963133640553
70,2.5,550,2.034658257471272,42.3963133640553
95,3.0,400,2.021456687916246,55.91397849462365
70,3.0,500,2.0172716379724602,48.333333333333336
70,3.0,650,2.0162692842737315,49.074074074074076
95,3.0,550,2.01395564516583,57.47126436781609
100,3.0,400,2.00868149402565,52.17391304347826
110,2.0,550,2.004798141203223,42.465753424657535
110,2.5,550,2.004798141203223,42.465753424657535
70,3.0,700,2.0022327583227066,49.056603773584904
70,3.0,400,2.000431395126722,48.0
110,1.0,500,1.997173751890284,34.43396226415094
110,1.5,500,1.997173751890284,34.43396226415094
70,3.0,350,1.9953302083798665,47.96747967479675
100,3.0,300,1.9929074678647098,52.63157894736842
85,2.0,550,1.990895651880559,41.39784946236559
85,2.5,550,1.990895651880559,41.39784946236559
110,2.0,500,1.9857800043408347,42.0
110,2.5,500,1.9857800043408347,42.0
70,3.0,450,1.9801890864195533,47.96747967479675
70,3.0,750,1.9786538645626224,49.51456310679612
90,2.0,550,1.9749450622516431,41.47727272727273
90,2.5,550,1.9749450622516431,41.47727272727273
70,2.0,500,1.969894800633587,42.27272727272727
70,2.5,500,1.969894800633587,42.27272727272727
95,3.0,450,1.969701720866643,54.83870967741935
105,2.0,450,1.9633774451435397,43.67088607594937
105,2.5,450,1.9633774451435397,43.67088607594937
70,3.0,550,1.9621352322206578,48.717948717948715
95,3.0,350,1.9604273292040124,54.166666666666664
105,1.0,750,1.9590368993876324,35.35353535353536
105,1.5,750,1.9590368993876324,35.35353535353536
105,3.0,500,1.9529929736818896,55.12820512820513
100,1.0,750,1.9509566256509012,34.97536945812808
100,1.5,750,1.9509566256509012,34.97536945812808
100,2.0,450,1.9460599214715315,42.26190476190476
100,2.5,450,1.9460599214715315,42.26190476190476
75,3.0,600,1.945727415306631,53.535353535353536
70,3.0,300,1.9418881293038563,45.73643410852713
110,1.0,550,1.9389162172730436,34.92822966507177
110,1.5,550,1.9389162172730436,34.92822966507177
95,2.0,500,1.9363284906800604,41.42011834319527
95,2.5,500,1.9363284906800604,41.42011834319527
105,2.0,650,1.93358223252852,44.827586206896555
105,2.5,650,1.93358223252852,44.827586206896555
105,1.0,500,1.9216204096915013,33.63636363636363
105,1.5,500,1.9216204096915013,33.63636363636363
105,1.0,550,1.9201576348943028,33.95348837209302
105,1.5,550,1.9201576348943028,33.95348837209302
105,3.0,550,1.9165063397056854,55.26315789473685
85,2.0,500,1.9158077707769776,41.48936170212766
85,2.5,500,1.9158077707769776,41.48936170212766
105,1.0,700,1.9121216172669226,34.5
105,1.5,700,1.9121216172669226,34.5
100,3.0,600,1.9085279004855729,53.65853658536586
110,2.0,600,1.907274153078301,42.25352112676056
110,2.5,600,1.907274153078301,42.25352112676056
80,2.0,550,1.8992606247382422,40.4040404040404
80,2.5,550,1.8992606247382422,40.4040404040404
110,1.0,450,1.8990544886893184,34.418604651162795
110,1.5,450,1.8990544886893184,34.418604651162795
100,1.0,500,1.8988161487223911,33.77777777777778
100,1.5,500,1.8988161487223911,33.77777777777778
110,3.0,500,1.8971375141576483,52.56410256410257
75,3.0,350,1.8924726214631944,52.25225225225225
100,3.0,750,1.8906024909459682,53.246753246753244
85,2.0,450,1.8882761160025985,40.83769633507853
85,2.5,450,1.8882761160025985,40.83769633507853
100,3.0,650,1.8882018852673075,54.43037974683544
100,2.0,650,1.8879736606048425,43.225806451612904
100,2.5,650,1.8879736606048425,43.225806451612904
110,2.0,450,1.886840611435957,41.55844155844156
110,2.5,450,1.886840611435957,41.55844155844156
100,1.0,450,1.8838810552226712,34.070796460176986
100,1.5,450,1.8838810552226712,34.070796460176986
70,2.0,600,1.8803186516239692,41.31455399061033
70,2.5,600,1.8803186516239692,41.31455399061033
95,3.0,300,1.8799022826181329,52.475247524752476
100,1.0,550,1.879147094276177,33.789954337899545
100,1.5,550,1.879147094276177,33.789954337899545
110,1.0,700,1.8769331156689686,33.33333333333333
110,1.5,700,1.8769331156689686,33.33333333333333
105,1.0,450,1.8761144059493216,33.4841628959276
105,1.5,450,1.8761144059493216,33.4841628959276
75,3.0,400,1.8752672915156532,51.32743362831859
105,1.0,650,1.8728544153086548,33.49514563106796
105,1.5,650,1.8728544153086548,33.49514563106796
85,2.0,600,1.8722093977670555,41.75824175824176
85,2.5,600,1.8722093977670555,41.75824175824176
100,1.0,700,1.8693384143090521,33.65853658536586
100,1.5,700,1.8693384143090521,33.65853658536586
110,3.0,550,1.8680611899186488,53.333333333333336
75,3.0,650,1.8653974640847504,54.08163265306123
100,3.0,700,1.8639375939343705,53.16455696202531
100,2.0,400,1.8634216144842586,41.52046783625731
100,2.5,400,1.8634216144842586,41.52046783625731
75,3.0,450,1.862503175449855,52.25225225225225
65,2.0,600,1.8606656685068947,42.79475982532751
65,2.5,600,1.8606656685068947,42.79475982532751
90,2.0,600,1.860328110520867,41.27906976744186
90,2.5,600,1.860328110520867,41.27906976744186
105,2.0,750,1.8596893861885802,44.285714285714285
105,2.5,750,1.8596893861885802,44.285714285714285
65,2.0,650,1.8593370259543507,41.517857142857146
65,2.5,650,1.8593370259543507,41.517857142857146
65,2.0,700,1.8565090111624647,41.17647058823529
65,2.5,700,1.8565090111624647,41.17647058823529
75,3.0,500,1.8556592310075937,52.77777777777778
75,3.0,700,1.8549486360578369,54.166666666666664
95,2.0,450,1.8529791113629224,40.46242774566474
95,2.5,450,1.8529791113629224,40.46242774566474
90,3.0,500,1.8514936881072566,53.68421052631579
70,2.0,400,1.8469507082854373,39.91416309012876
70,2.5,400,1.8469507082854373,39.91416309012876
110,1.0,750,1.8424026180272992,33.67875647668394
110,1.5,750,1.8424026180272992,33.67875647668394
70,2.0,650,1.839273912193607,40.38461538461539
70,2.5,650,1.839273912193607,40.38461538461539
95,3.0,750,1.8328586089080032,53.086419753086425
65,2.0,550,1.8327438540970902,42.616033755274266
65,2.5,550,1.8327438540970902,42.616033755274266
85,2.0,400,1.829717960858268,39.08629441624365
85,2.5,400,1.829717960858268,39.08629441624365
100,1.0,650,1.826855917918511,32.857142857142854
100,1.5,650,1.826855917918511,32.857142857142854
70,2.0,700,1.8198140566644376,39.51219512195122
70,2.5,700,1.8198140566644376,39.51219512195122
90,2.0,500,1.8174042919433877,40.55555555555556
90,2.5,500,1.8174042919433877,40.55555555555556
95,3.0,600,1.8172960711188832,53.48837209302325
105,1.0,600,1.8097142696135482,33.0188679245283
105,1.5,600,1.8097142696135482,33.0188679245283
70,2.0,450,1.8096527985525146,41.150442477876105
70,2.5,450,1.8096527985525146,41.150442477876105
95,1.0,750,1.8080729371255697,32.407407407407405
95,1.5,750,1.8080729371255697,32.407407407407405
75,2.0,550,1.8079983500580352,39.523809523809526
75,2.5,550,1.8079983500580352,39.523809523809526
75,3.0,550,1.806731012255355,52.83018867924528
95,3.0,700,1.8064876706457886,53.01204819277109
65,2.0,750,1.8014931010724538,41.474654377880185
65,2.5,750,1.8014931010724538,41.474654377880185
70,2.0,300,1.7981160898251884,38.24701195219124
70,2.5,300,1.7981160898251884,38.24701195219124
105,2.0,700,1.7975694306482575,43.83561643835616
105,2.5,700,1.7975694306482575,43.83561643835616
80,1.0,750,1.7960262408973147,33.95522388059701
80,1.5,750,1.7960262408973147,33.95522388059701
75,3.0,750,1.793879695055764,52.63157894736842
110,1.0,650,1.793558360554554,32.33830845771145
110,1.5,650,1.793558360554554,32.33830845771145
100,1.0,600,1.7934704674239572,32.55813953488372
100,1.5,600,1.7934704674239572,32.55813953488372
110,1.0,600,1.7925526625935204,33.170731707317074
110,1.5,600,1.7925526625935204,33.170731707317074
65,2.0,500,1.7919628772173872,42.5
65,2.5,500,1.7919628772173872,42.5
75,3.0,300,1.791919964856661,50.0
90,3.0,400,1.790183300147358,53.0
100,2.0,750,1.7885275922375945,42.0
100,2.5,750,1.7885275922375945,42.0
80,2.0,500,1.7884221212448133,40.5940594059406
80,2.5,500,1.7884221212448133,40.5940594059406
90,3.0,350,1.785444534301055,52.475247524752476
95,2.0,650,1.7848739387393502,42.331288343558285
95,2.5,650,1.7848739387393502,42.331288343558285
60,3.0,500,1.7826672058437154,46.32352941176471
105,2.0,400,1.7818208680365897,41.46341463414634
105,2.5,400,1.7818208680365897,41.46341463414634
95,2.0,400,1.7794282729960067,38.983050847457626
95,2.5,400,1.7794282729960067,38.983050847457626
110,2.0,750,1.7768200274762427,41.30434782608695
110,2.5,750,1.7768200274762427,41.30434782608695
95,1.0,700,1.7763270557441508,31.963470319634702
95,1.5,700,1.7763270557441508,31.963470319634702
95,2.0,300,1.772357076842095,38.659793814432994
95,2.5,300,1.772357076842095,38.659793814432994
95,3.0,650,1.7719784447830103,52.94117647058824
90,1.0,750,1.7708725844411124,33.76068376068376
90,1.5,750,1.7708725844411124,33.76068376068376
110,2.0,650,1.7678968098501784,41.54929577464789
110,2.5,650,1.7678968098501784,41.54929577464789
60,3.0,400,1.7630136757494794,44.36619718309859
75,2.0,500,1.7624984972475495,39.25233644859813
75,2.5,500,1.7624984972475495,39.25233644859813
95,1.0,450,1.760595405610021,32.365145228215766
95,1.5,450,1.760595405610021,32.365145228215766
80,2.0,450,1.7600086508900188,39.80582524271845
80,2.5,450,1.7600086508900188,39.80582524271845
60,3.0,350,1.7590746733431712,44.75524475524475
85,1.0,750,1.7548798010966427,34.13654618473896
85,1.5,750,1.7548798010966427,34.13654618473896
70,2.0,750,1.7529180959478747,39.800995024875625
70,2.5,750,1.7529180959478747,39.800995024875625
100,2.0,700,1.7509477581961876,41.935483870967744
100,2.5,700,1.7509477581961876,41.935483870967744
105,3.0,450,1.750886787939991,51.19047619047619
85,2.0,300,1.7451884785979768,37.78801843317972
85,2.5,300,1.7451884785979768,37.78801843317972
95,1.0,550,1.7425506661337515,31.914893617021278
95,1.5,550,1.7425506661337515,31.914893617021278
90,3.0,450,1.736985378664547,52.0
70,1.0,600,1.7369098405354215,34.08360128617363
70,1.5,600,1.7369098405354215,34.08360128617363
90,1.0,700,1.7354900978331997,32.35294117647059
90,1.5,700,1.7354900978331997,32.35294117647059
45,2.0,550,1.733586446589693,41.47157190635451
45,2.5,550,1.733586446589693,41.47157190635451
85,2.0,350,1.7308977172683948,36.666666666666664
85,2.5,350,1.7308977172683948,36.666666666666664
95,2.0,350,1.7296786341382495,37.967914438502675
95,2.5,350,1.7296786341382495,37.967914438502675
105,3.0,350,1.7249820840999792,49.42528735632184
60,3.0,550,1.7242481074867824,46.56488549618321
110,3.0,450,1.7237264997229647,48.80952380952381
60,3.0,300,1.7225932797591987,44.370860927152314
90,2.0,450,1.7211921218180506,39.45945945945946
90,2.5,450,1.7211921218180506,39.45945945945946
45,2.0,700,1.7192869567311975,41.13475177304964
45,2.5,700,1.7192869567311975,41.13475177304964
105,3.0,400,1.7164654657604694,50.0
110,1.0,400,1.7137845172266644,33.035714285714285
110,1.5,400,1.7137845172266644,33.035714285714285
80,2.0,600,1.7129707172392339,38.97435897435898
80,2.5,600,1.7129707172392339,38.97435897435898
105,1.0,400,1.7109476122459149,32.900432900432904
105,1.5,400,1.7109476122459149,32.900432900432904
105,3.0,600,1.709789007059942,53.333333333333336
110,3.0,400,1.7054204043486512,48.23529411764706
70,2.0,350,1.7054126034675277,37.295081967213115
70,2.5,350,1.7054126034675277,37.295081967213115
60,3.0,450,1.7046288181744886,45.0
80,1.0,700,1.7030401311932215,32.58426966292135
80,1.5,700,1.7030401311932215,32.58426966292135
45,2.0,650,1.6977947942141445,41.66666666666667
45,2.5,650,1.6977947942141445,41.66666666666667
90,3.0,300,1.6975335712477648,51.4018691588785
95,1.0,650,1.693259649056374,31.25
95,1.5,650,1.693259649056374,31.25
95,2.0,700,1.6922764861932784,41.358024691358025
95,2.5,700,1.6922764861932784,41.358024691358025
85,1.0,700,1.6920465943811536,32.93650793650794
85,1.5,700,1.6920465943811536,32.93650793650794
110,2.0,400,1.6915393114852975,39.263803680981596
110,2.5,400,1.6915393114852975,39.263803680981596
90,1.0,450,1.6904443403705154,32.8125
90,1.5,450,1.6904443403705154,32.8125
95,2.0,750,1.6886706824031856,41.66666666666667
95,2.5,750,1.6886706824031856,41.66666666666667
60,3.0,750,1.6859382213370249,47.107438016528924
100,2.0,350,1.6848874010598847,38.67403314917127
100,2.5,350,1.6848874010598847,38.67403314917127
70,1.0,450,1.6832609667671474,34.59119496855346
70,1.5,450,1.6832609667671474,34.59119496855346
95,1.0,500,1.6764057621815924,31.799163179916317
95,1.5,500,1.6764057621815924,31.799163179916317
100,2.0,300,1.6761240775839168,38.94736842105263
100,2.5,300,1.6761240775839168,38.94736842105263
110,3.0,350,1.6748538621377482,47.674418604651166
110,2.0,700,1.6730175058893226,40.55944055944056
110,2.5,700,1.6730175058893226,40.55944055944056
75,1.0,600,1.6721484247581397,33.21917808219178
75,1.5,600,1.6721484247581397,33.21917808219178
70,1.0,750,1.6713187479717864,34.21052631578947
70,1.5,750,1.6713187479717864,34.21052631578947
45,2.0,500,1.669312470988044,41.118421052631575
45,2.5,500,1.669312470988044,41.118421052631575
50,1.0,700,1.66885305510802,33.164556962025316
50,1.5,700,1.66885305510802,33.164556962025316
60,3.0,650,1.6676146437561878,46.45669291338583
60,3.0,600,1.6671378762041575,45.3125
50,1.0,750,1.6668381034927118,33.50383631713555
50,1.5,750,1.6668381034927118,33.50383631713555
95,1.0,600,1.6665871019256697,30.434782608695656
95,1.5,600,1.6665871019256697,30.434782608695656
90,2.0,650,1.6658865793328281,40.46242774566474
90,2.5,650,1.6658865793328281,40.46242774566474
75,1.0,550,1.6636018247089779,33.77483443708609
75,1.5,550,1.6636018247089779,33.77483443708609
80,1.0,550,1.6622408710884633,32.280701754385966
80,1.5,550,1.6622408710884633,32.280701754385966
105,3.0,300,1.6620712034406386,50.0
90,1.0,550,1.6612055720001162,32.41106719367589
90,1.5,550,1.6612055720001162,32.41106719367589
45,2.0,750,1.6607300545045651,41.07142857142857
45,2.5,750,1.6607300545045651,41.07142857142857
65,2.0,450,1.6590567530703495,41.05691056910569
65,2.5,450,1.6590567530703495,41.05691056910569
80,1.0,650,1.6582474471471076,31.5018315018315
80,1.5,650,1.6582474471471076,31.5018315018315
75,2.0,600,1.6575227909405024,38.349514563106794
75,2.5,600,1.6575227909405024,38.349514563106794
80,2.0,400,1.6569538352933497,38.20754716981132
80,2.5,400,1.6569538352933497,38.20754716981132
45,1.0,700,1.6540167538415012,32.55269320843091
45,1.5,700,1.6540167538415012,32.55269320843091
100,1.0,400,1.6539379615896008,32.63598326359833
100,1.5,400,1.6539379615896008,32.63598326359833
85,1.0,550,1.6523254905365847,31.954887218045116
85,1.5,550,1.6523254905365847,31.954887218045116
50,1.0,600,1.6517935668530004,33.33333333333333
50,1.5,600,1.6517935668530004,33.33333333333333
60,2.0,550,1.6516784876981676,40.89068825910931
60,2.5,550,1.6516784876981676,40.89068825910931
110,3.0,600,1.6509247543893624,51.35135135135135
60,3.0,700,1.6503400784520577,46.400000000000006
45,2.0,600,1.6471883024971699,41.63822525597269
45,2.5,600,1.6471883024971699,41.63822525597269
105,3.0,650,1.6451953376800639,54.054054054054056
90,2.0,350,1.643611465525727,37.185929648241206
90,2.5,350,1.643611465525727,37.185929648241206
90,2.0,300,1.6426762152255159,37.68115942028986
90,2.5,300,1.6426762152255159,37.68115942028986
75,1.0,350,1.6380262308257703,34.1692789968652
75,1.5,350,1.6380262308257703,34.1692789968652
90,3.0,550,1.634879454612847,51.578947368421055
70,1.0,550,1.6344806186439365,33.75
70,1.5,550,1.6344806186439365,33.75
75,1.0,750,1.6335363803214782,34.04255319148936
75,1.5,750,1.6335363803214782,34.04255319148936
80,1.0,600,1.6316688406808462,31.54121863799283
80,1.5,600,1.6316688406808462,31.54121863799283
50,3.0,500,1.6304941103343396,46.97986577181208
45,1.0,600,1.6291619592980706,32.42009132420091
45,1.5,600,1.6291619592980706,32.42009132420091
75,1.0,500,1.6279644337314227,33.557046979865774
75,1.5,500,1.6279644337314227,33.557046979865774
60,2.0,500,1.627950906160113,41.03585657370518
60,2.5,500,1.627950906160113,41.03585657370518
55,3.0,500,1.6267814527720446,48.93617021276596
85,2.0,650,1.6233940622428915,40.76086956521739
85,2.5,650,1.6233940622428915,40.76086956521739
60,2.0,650,1.623255342175195,39.40677966101695
60,2.5,650,1.623255342175195,39.40677966101695
90,1.0,650,1.6217669911373696,31.68724279835391
90,1.5,650,1.6217669911373696,31.68724279835391
50,3.0,600,1.6188229531883276,48.61111111111111
105,3.0,700,1.6186880794474225,52.702702702702695
50,3.0,550,1.6184853853958188,48.61111111111111
45,1.0,750,1.616446341985118,32.38770685579196
45,1.5,750,1.616446341985118,32.38770685579196
90,1.0,500,1.6159024291125332,32.015810276679844
90,1.5,500,1.6159024291125332,32.015810276679844
50,1.0,650,1.6148902045355253,33.83458646616541
50,1.5,650,1.6148902045355253,33.83458646616541
60,2.0,600,1.612476144454545,39.83402489626556
60,2.5,600,1.612476144454545,39.83402489626556
105,2.0,300,1.6118453930296472,39.44444444444444
105,2.5,300,1.6118453930296472,39.44444444444444
75,1.0,450,1.6114605408104845,33.5548172757475
75,1.5,450,1.6114605408104845,33.5548172757475
85,1.0,450,1.6105093782113369,32.342007434944236
85,1.5,450,1.6105093782113369,32.342007434944236
45,1.0,650,1.609301706564444,32.86713286713287
45,1.5,650,1.609301706564444,32.86713286713287
70,1.0,650,1.6089436927180656,32.89902280130293
70,1.5,650,1.6089436927180656,32.89902280130293
90,2.0,400,1.6081796684198901,37.696335078534034
90,2.5,400,1.6081796684198901,37.696335078534034
90,3.0,750,1.6078087770238796,50.57471264367817
90,1.0,600,1.6050467712902132,31.048387096774192
90,1.5,600,1.6050467712902132,31.048387096774192
80,2.0,300,1.604980075711057,37.06896551724138
80,2.5,300,1.604980075711057,37.06896551724138
75,2.0,450,1.6047797770666217,38.009049773755656
75,2.5,450,1.6047797770666217,38.009049773755656
80,1.0,450,1.6004408902543426,32.05574912891986
80,1.5,450,1.6004408902543426,32.05574912891986
55,3.0,550,1.598779157922996,49.629629629629626
75,2.0,300,1.5987130693930998,36.47540983606557
75,2.5,300,1.5987130693930998,36.47540983606557
50,3.0,650,1.5979774221531922,48.57142857142857
80,1.0,400,1.5973656298505843,32.659932659932664
80,1.5,400,1.5973656298505843,32.659932659932664
100,1.0,300,1.5966194388993042,32.56704980842912
100,1.5,300,1.5966194388993042,32.56704980842912
90,3.0,600,1.5936756574136977,49.46236559139785
55,3.0,450,1.5935941846938544,48.59154929577465
90,3.0,700,1.5927492923350426,50.56179775280899
50,3.0,750,1.5917144569824364,49.629629629629626
70,1.0,700,1.591344682537206,33.223684210526315
70,1.5,700,1.591344682537206,33.223684210526315
80,3.0,400,1.590833544226164,48.69565217391305
105,3.0,750,1.5906517449861022,52.77777777777778
80,2.0,350,1.590028098630262,36.160714285714285
80,2.5,350,1.590028098630262,36.160714285714285
55,3.0,400,1.5821791447041638,47.26027397260274
85,1.0,600,1.5812585463452493,30.916030534351147
85,1.5,600,1.5812585463452493,30.916030534351147
90,1.0,400,1.5807076860535925,32.58426966292135
90,1.5,400,1.5807076860535925,32.58426966292135
80,3.0,450,1.5794529421124537,47.78761061946903
70,1.0,500,1.5793639103877535,33.5423197492163
70,1.5,500,1.5793639103877535,33.5423197492163
55,3.0,750,1.5779569657126369,50.79365079365079
110,3.0,650,1.5776814289612067,52.054794520547944
105,2.0,350,1.574453255096836,38.95348837209303
105,2.5,350,1.574453255096836,38.95348837209303
50,2.0,550,1.5728476009160632,40.20979020979021
50,2.5,550,1.5728476009160632,40.20979020979021
110,3.0,700,1.572412673116829,52.054794520547944
80,3.0,350,1.5706249425385097,47.82608695652174
75,2.0,400,1.569201049332295,36.56387665198238
75,2.5,400,1.569201049332295,36.56387665198238
75,1.0,700,1.5678360981888093,33.096085409252666
75,1.5,700,1.5678360981888093,33.096085409252666
50,3.0,700,1.5671252874213508,48.92086330935252
75,1.0,300,1.566930330827077,33.23353293413174
75,1.5,300,1.566930330827077,33.23353293413174
80,1.0,300,1.5665119852973393,32.608695652173914
80,1.5,300,1.5665119852973393,32.608695652173914
80,1.0,500,1.5651595842897603,31.690140845070424
80,1.5,500,1.5651595842897603,31.690140845070424
60,1.0,600,1.5643583057049484,32.5068870523416
60,1.5,600,1.5643583057049484,32.5068870523416
55,3.0,350,1.5642756172086416,46.97986577181208
45,2.0,450,1.5627074937878564,40.06410256410257
45,2.5,450,1.5627074937878564,40.06410256410257
85,1.0,650,1.5618549180979608,31.1284046692607
85,1.5,650,1.5618549180979608,31.1284046692607
85,3.0,700,1.5606352639438854,50.57471264367817
85,2.0,750,1.5601659599275413,41.37931034482759
85,2.5,750,1.5601659599275413,41.37931034482759
40,2.0,550,1.5584396899395256,40.303030303030305
40,2.5,550,1.5584396899395256,40.303030303030305
85,2.0,700,1.55791599985363,40.88397790055249
85,2.5,700,1.55791599985363,40.88397790055249
40,2.0,650,1.5571069202991177,41.19496855345912
40,2.5,650,1.5571069202991177,41.19496855345912
50,3.0,450,1.5549302820228732,46.0
90,3.0,650,1.5539037837091199,50.0
85,1.0,500,1.5538325705932479,31.57894736842105
85,1.5,500,1.5538325705932479,31.57894736842105
75,1.0,650,1.5536028004178422,32.29166666666667
75,1.5,650,1.5536028004178422,32.29166666666667
85,3.0,750,1.5535729496104944,51.19047619047619
95,1.0,400,1.552523652806072,31.225296442687743
95,1.5,400,1.552523652806072,31.225296442687743
75,1.0,400,1.551361440159297,33.87096774193548
75,1.5,400,1.551361440159297,33.87096774193548
40,2.0,700,1.5499366731885598,40.836012861736336
40,2.5,700,1.5499366731885598,40.836012861736336
110,1.0,300,1.547955812123731,32.4
110,1.5,300,1.547955812123731,32.4
55,3.0,600,1.5466102969178612,48.854961832061065
80,3.0,650,1.5463289037479069,48.03921568627451
50,2.0,650,1.5457554945818042,40.57971014492754
50,2.5,650,1.5457554945818042,40.57971014492754
60,2.0,700,1.5443160931589954,38.62660944206009
60,2.5,700,1.5443160931589954,38.62660944206009
90,2.0,700,1.5438323884135963,39.30635838150289
90,2.5,700,1.5438323884135963,39.30635838150289
60,2.0,450,1.5416990134342579,40.234375
60,2.5,450,1.5416990134342579,40.234375
110,2.0,300,1.5415608310128042,37.569060773480665
110,2.5,300,1.5415608310128042,37.569060773480665
85,1.0,400,1.5411913481059778,32.74021352313167
85,1.5,400,1.5411913481059778,32.74021352313167
80,3.0,600,1.5378102169964307,47.57281553398058
90,2.0,750,1.5364294936670893,39.52095808383233
90,2.5,750,1.5364294936670893,39.52095808383233
110,2.0,350,1.5363373846633526,37.64705882352941
110,2.5,350,1.5363373846633526,37.64705882352941
55,3.0,300,1.5362140606594428,46.15384615384615
50,2.0,600,1.536194066657877,40.42553191489361
50,2.5,600,1.536194066657877,40.42553191489361
80,3.0,700,1.535279799425064,48.0
85,3.0,600,1.5323229014221653,48.888888888888886
110,3.0,750,1.5320573655230993,51.388888888888886
70,1.0,300,1.5315006366459112,33.23943661971831
70,1.5,300,1.5315006366459112,33.23943661971831
60,1.0,300,1.531012809222312,32.923832923832926
60,1.5,300,1.531012809222312,32.923832923832926
55,3.0,650,1.5297993339800309,49.6124031007752
65,2.0,400,1.5288983423477174,39.0625
65,2.5,400,1.5288983423477174,39.0625
70,1.0,350,1.5285137544545242,33.819241982507286
70,1.5,350,1.5285137544545242,33.819241982507286
30,1.0,550,1.5282543825677353,32.093023255813954
30,1.5,550,1.5282543825677353,32.093023255813954
60,1.0,400,1.5263182305045173,33.24538258575198
60,1.5,400,1.5263182305045173,33.24538258575198
85,3.0,650,1.5252016627330716,50.0
30,1.0,600,1.5240669468505978,31.811023622047248
30,1.5,600,1.5240669468505978,31.811023622047248
65,1.0,600,1.5232097026485423,33.03834808259587
65,1.5,600,1.5232097026485423,33.03834808259587
80,1.0,350,1.5231911846248558,32.68608414239482
80,1.5,350,1.5231911846248558,32.68608414239482
70,1.0,400,1.5224681725336329,33.53474320241692
70,1.5,400,1.5224681725336329,33.53474320241692
30,2.0,650,1.5195143822045234,41.04477611940299
30,2.5,650,1.5195143822045234,41.04477611940299
60,1.0,450,1.5183917475452149,32.4468085106383
60,1.5,450,1.5183917475452149,32.4468085106383
50,3.0,400,1.5171471320738192,45.09803921568628
85,3.0,350,1.5158186424372446,49.504950495049506
75,2.0,700,1.5101040929224203,37.3134328358209
75,2.5,700,1.5101040929224203,37.3134328358209
50,3.0,350,1.5100927480569548,44.871794871794876
50,2.0,500,1.5090169677931724,40.13840830449827
50,2.5,500,1.5090169677931724,40.13840830449827
65,1.0,750,1.5082540470040011,33.033033033033036
65,1.5,750,1.5082540470040011,33.033033033033036
45,3.0,550,1.508185619783565,47.05882352941176
40,2.0,750,1.5063196363905398,40.849673202614376
40,2.5,750,1.5063196363905398,40.849673202614376
65,2.0,300,1.5051526368194208,36.8231046931408
65,2.5,300,1.5051526368194208,36.8231046931408
80,3.0,750,1.5025930483813246,47.42268041237113
80,2.0,650,1.500758847851067,38.265306122448976
80,2.5,650,1.500758847851067,38.265306122448976
60,2.0,750,1.4982266237084492,38.52813852813853
60,2.5,750,1.4982266237084492,38.52813852813853
50,1.0,350,1.4975791447739328,32.95964125560538
50,1.5,350,1.4975791447739328,32.95964125560538
55,3.0,700,1.4945257526424827,49.21875
75,2.0,650,1.4935038936418938,37.073170731707314
75,2.5,650,1.4935038936418938,37.073170731707314
85,3.0,400,1.492299365352224,50.505050505050505
50,1.0,450,1.4922651834119505,32.64367816091954
50,1.5,450,1.4922651834119505,32.64367816091954
110,1.0,350,1.4915765986044502,32.35294117647059
110,1.5,350,1.4915765986044502,32.35294117647059
110,3.0,300,1.490902846036522,46.73913043478261
55,1.0,750,1.4871933240074036,32.25806451612903
55,1.5,750,1.4871933240074036,32.25806451612903
45,1.0,450,1.48595026815549,32.1353065539112
45,1.5,450,1.48595026815549,32.1353065539112
100,1.0,350,1.4848391757358024,32.4
100,1.5,350,1.4848391757358024,32.4
30,2.0,700,1.4815704632986453,41.30982367758186
30,2.5,700,1.4815704632986453,41.30982367758186
105,1.0,300,1.4803256217484282,31.3953488372093
105,1.5,300,1.4803256217484282,31.3953488372093
55,1.0,600,1.4803255423981816,31.782945736434108
55,1.5,600,1.4803255423981816,31.782945736434108
85,1.0,350,1.4797498143218832,32.98611111111111
85,1.5,350,1.4797498143218832,32.98611111111111
40,2.0,600,1.4778621782384989,40.61538461538461
40,2.5,600,1.4778621782384989,40.61538461538461
55,2.0,550,1.4762146022394003,40.520446096654275
55,2.5,550,1.4762146022394003,40.520446096654275
60,1.0,750,1.4757830997941719,31.444759206798867
60,1.5,750,1.4757830997941719,31.444759206798867
65,1.0,700,1.4756256875690943,32.634730538922156
65,1.5,700,1.4756256875690943,32.634730538922156
45,3.0,500,1.4740212753749111,46.15384615384615
60,1.0,350,1.4737296773843496,32.73657289002558
60,1.5,350,1.4737296773843496,32.73657289002558
80,2.0,700,1.472327146203618,37.5
80,2.5,700,1.472327146203618,37.5
35,2.0,650,1.472106809566365,41.55124653739612
35,2.5,650,1.472106809566365,41.55124653739612
105,1.0,350,1.471201590786209,31.83673469387755
105,1.5,350,1.471201590786209,31.83673469387755
30,2.0,550,1.4703923294604535,40.95238095238095
30,2.5,550,1.4703923294604535,40.95238095238095
75,2.0,350,1.4689853085725504,34.59915611814346
75,2.5,350,1.4689853085725504,34.59915611814346
30,2.0,600,1.468719624013796,41.3625304136253
30,2.5,600,1.468719624013796,41.3625304136253
50,1.0,550,1.464270886909322,32.38095238095238
50,1.5,550,1.464270886909322,32.38095238095238
45,1.0,300,1.4622836722650976,31.746031746031743
45,1.5,300,1.4622836722650976,31.746031746031743
80,3.0,500,1.462111166127645,47.27272727272727
45,1.0,550,1.4620687115231044,31.567328918322296
45,1.5,550,1.4620687115231044,31.567328918322296
85,3.0,500,1.4594621936279855,50.526315789473685
85,1.0,300,1.4579855227376788,32.459016393442624
85,1.5,300,1.4579855227376788,32.459016393442624
65,1.0,650,1.4543947639461563,32.047477744807125
65,1.5,650,1.4543947639461563,32.047477744807125
60,1.0,700,1.452842157240445,30.89887640449438
60,1.5,700,1.452842157240445,30.89887640449438
55,1.0,700,1.4527130481466206,31.550802139037433
55,1.5,700,1.4527130481466206,31.550802139037433
90,1.0,350,1.4519777050534963,33.455882352941174
90,1.5,350,1.4519777050534963,33.455882352941174
45,3.0,600,1.451884952267825,46.35761589403973
80,3.0,300,1.4503375417157176,45.45454545454545
60,1.0,650,1.4502204824016154,31.666666666666664
60,1.5,650,1.4502204824016154,31.666666666666664
45,1.0,400,1.4479928712368666,31.856540084388186
45,1.5,400,1.4479928712368666,31.856540084388186
55,2.0,600,1.4473790377625888,39.543726235741445
55,2.5,600,1.4473790377625888,39.543726235741445
35,2.0,700,1.4463628938541873,40.61624649859944
35,2.5,700,1.4463628938541873,40.61624649859944
55,2.0,500,1.4450658039683582,40.959409594095945
55,2.5,500,1.4450658039683582,40.959409594095945
40,2.0,500,1.4436583142772141,39.349112426035504
40,2.5,500,1.4436583142772141,39.349112426035504
30,1.0,700,1.443187424496521,31.942215088282506
30,1.5,700,1.443187424496521,31.942215088282506
50,1.0,500,1.4428068786774306,32.16783216783217
50,1.5,500,1.4428068786774306,32.16783216783217
65,1.0,300,1.4417086017200853,32.8125
65,1.5,300,1.4417086017200853,32.8125
45,1.0,350,1.4403588268222502,31.327800829875518
45,1.5,350,1.4403588268222502,31.327800829875518
65,2.0,350,1.4400896149672469,37.35849056603773
65,2.5,350,1.4400896149672469,37.35849056603773
85,3.0,450,1.4393072464315175,49.494949494949495
50,3.0,300,1.4392293678456929,43.97590361445783
30,2.0,750,1.4392059197998859,41.86046511627907
30,2.5,750,1.4392059197998859,41.86046511627907
30,1.0,400,1.4340416032710779,32.52279635258359
30,1.5,400,1.4340416032710779,32.52279635258359
85,3.0,300,1.4336815569791193,47.66355140186916
55,1.0,650,1.431516664497809,32.189973614775724
55,1.5,650,1.431516664497809,32.189973614775724
45,3.0,650,1.4280259669147133,46.35761589403973
50,1.0,400,1.4274017670805421,32.56880733944954
50,1.5,400,1.4274017670805421,32.56880733944954
65,1.0,450,1.4269737611930562,32.758620689655174
65,1.5,450,1.4269737611930562,32.758620689655174
75,2.0,750,1.4230487145917117,37.244897959183675
75,2.5,750,1.4230487145917117,37.244897959183675
35,2.0,600,1.417791769615718,41.03260869565217
35,2.5,600,1.417791769615718,41.03260869565217
60,1.0,550,1.4175659264058211,31.283422459893046
60,1.5,550,1.4175659264058211,31.283422459893046
35,2.0,750,1.416121606602193,40.74074074074074
35,2.5,750,1.416121606602193,40.74074074074074
60,2.0,400,1.41548922212775,38.63636363636363
60,2.5,400,1.41548922212775,38.63636363636363
30,1.0,650,1.4142726758428,31.4785373608903
30,1.5,650,1.4142726758428,31.4785373608903
30,1.0,450,1.412575811750048,31.81126331811263
30,1.5,450,1.412575811750048,31.81126331811263
80,2.0,750,1.412446457789595,37.634408602150536
80,2.5,750,1.412446457789595,37.634408602150536
45,2.0,400,1.4111834210526122,39.07692307692307
45,2.5,400,1.4111834210526122,39.07692307692307
80,3.0,550,1.4102189043644853,46.788990825688074
95,1.0,300,1.4077726245550188,31.61764705882353
95,1.5,300,1.4077726245550188,31.61764705882353
30,1.0,300,1.3986145523795714,32.51088534107402
30,1.5,300,1.3986145523795714,32.51088534107402
50,1.0,300,1.3976988485263004,32.112068965517246
50,1.5,300,1.3976988485263004,32.112068965517246
65,1.0,400,1.3971176640491514,33.14447592067989
65,1.5,400,1.3971176640491514,33.14447592067989
85,3.0,550,1.3933765811105443,49.473684210526315
45,1.0,500,1.3882388327971789,31.182795698924732
45,1.5,500,1.3882388327971789,31.182795698924732
60,2.0,350,1.3876525055800115,37.95620437956204
60,2.5,350,1.3876525055800115,37.95620437956204
60,2.0,300,1.387508257264949,37.37024221453287
60,2.5,300,1.387508257264949,37.37024221453287
55,2.0,650,1.3860755908640994,38.91050583657588
55,2.5,650,1.3860755908640994,38.91050583657588
30,1.0,750,1.3858711001172566,31.832797427652732
30,1.5,750,1.3858711001172566,31.832797427652732
45,3.0,450,1.385338920884155,45.16129032258064
45,2.0,350,1.3842714572243953,39.16913946587537
45,2.5,350,1.3842714572243953,39.16913946587537
35,1.0,600,1.3807546916584597,33.273056057866185
35,1.5,600,1.3807546916584597,33.273056057866185
55,2.0,450,1.377482223164157,40.07220216606498
55,2.5,450,1.377482223164157,40.07220216606498
90,1.0,300,1.375439504909623,32.98611111111111
90,1.5,300,1.375439504909623,32.98611111111111
45,3.0,700,1.3723747679409992,45.033112582781456
50,2.0,700,1.3666577190886544,39.48339483394834
50,2.5,700,1.3666577190886544,39.48339483394834
50,2.0,450,1.3651917130424727,38.92617449664429
50,2.5,450,1.3651917130424727,38.92617449664429
65,1.0,550,1.3595055241957437,31.71428571428571
65,1.5,550,1.3595055241957437,31.71428571428571
60,1.0,500,1.3580932388908988,30.585106382978722
60,1.5,500,1.3580932388908988,30.585106382978722
35,2.0,550,1.357941612562544,40.48257372654155
35,2.5,550,1.357941612562544,40.48257372654155
30,1.0,350,1.3577306312106985,32.39227340267459
30,1.5,350,1.3577306312106985,32.39227340267459
55,1.0,400,1.3504596657320542,31.372549019607842
55,1.5,400,1.3504596657320542,31.372549019607842
95,1.0,350,1.3498732048119013,31.679389312977097
95,1.5,350,1.3498732048119013,31.679389312977097
30,1.0,500,1.3442146755876665,31.28834355828221
30,1.5,500,1.3442146755876665,31.28834355828221
55,1.0,350,1.338892841379785,31.04265402843602
55,1.5,350,1.338892841379785,31.04265402843602
55,1.0,300,1.3381468739572246,30.751708428246015
55,1.5,300,1.3381468739572246,30.751708428246015
45,3.0,400,1.3356966822804577,44.44444444444444
45,3.0,750,1.3316167788156983,44.966442953020135
55,2.0,700,1.3301211994272437,39.76377952755906
55,2.5,700,1.3301211994272437,39.76377952755906
50,2.0,750,1.3300921536564678,39.55223880597015
50,2.5,750,1.3300921536564678,39.55223880597015
55,1.0,450,1.3204334540892908,30.71253071253071
55,1.5,450,1.3204334540892908,30.71253071253071
50,2.0,350,1.3189553953743496,38.801261829652994
50,2.5,350,1.3189553953743496,38.801261829652994
55,1.0,550,1.312272564736132,30.65326633165829
55,1.5,550,1.312272564736132,30.65326633165829
65,1.0,500,1.3094023268770267,31.60919540229885
65,1.5,500,1.3094023268770267,31.60919540229885
45,2.0,300,1.3059391730975844,38.285714285714285
45,2.5,300,1.3059391730975844,38.285714285714285
40,1.0,600,1.3045562868456126,30.909090909090907
40,1.5,600,1.3045562868456126,30.909090909090907
65,1.0,350,1.300170203349265,32.33695652173913
65,1.5,350,1.300170203349265,32.33695652173913
40,2.0,450,1.2968331279995948,38.2183908045977
40,2.5,450,1.2968331279995948,38.2183908045977
35,1.0,650,1.2777027535198984,32.967032967032964
35,1.5,650,1.2777027535198984,32.967032967032964
40,1.0,700,1.2730848005663213,30.59548254620123
40,1.5,700,1.2730848005663213,30.59548254620123
50,2.0,400,1.2693401436233973,37.74193548387097
50,2.5,400,1.2693401436233973,37.74193548387097
40,1.0,650,1.2646349125515095,30.816326530612244
40,1.5,650,1.2646349125515095,30.816326530612244
45,3.0,300,1.264317815051183,42.04545454545455
55,1.0,500,1.2624962943505689,30.272952853598017
55,1.5,500,1.2624962943505689,30.272952853598017
55,2.0,400,1.260919736872452,38.54166666666667
55,2.5,400,1.260919736872452,38.54166666666667
45,3.0,350,1.2604293326122744,42.857142857142854
55,2.0,750,1.2590033207630993,39.285714285714285
55,2.5,750,1.2590033207630993,39.285714285714285
35,1.0,550,1.257787026720262,32.801418439716315
35,1.5,550,1.257787026720262,32.801418439716315
35,1.0,750,1.2482593847180743,32.96296296296296
35,1.5,750,1.2482593847180743,32.96296296296296
30,2.0,500,1.2473807561509132,39.443155452436194
30,2.5,500,1.2473807561509132,39.443155452436194
35,2.0,500,1.2438438488889705,39.32291666666667
35,2.5,500,1.2438438488889705,39.32291666666667
35,1.0,450,1.2380907710276716,34.02777777777778
35,1.5,450,1.2380907710276716,34.02777777777778
40,1.0,450,1.2362000170561305,31.428571428571427
40,1.5,450,1.2362000170561305,31.428571428571427
40,1.0,750,1.2323572853000424,30.641821946169774
40,1.5,750,1.2323572853000424,30.641821946169774
35,1.0,700,1.231353477364847,32.6605504587156
35,1.5,700,1.231353477364847,32.6605504587156
40,1.0,350,1.2252477021975952,31.343283582089555
40,1.5,350,1.2252477021975952,31.343283582089555
50,2.0,300,1.2185890156272747,37.72455089820359
50,2.5,300,1.2185890156272747,37.72455089820359
30,2.0,450,1.2156183725370726,39.05191873589165
30,2.5,450,1.2156183725370726,39.05191873589165
35,3.0,550,1.2143511747807278,43.646408839779006
35,3.0,500,1.2131458184014778,43.47826086956522
55,2.0,350,1.2083996871961915,37.45819397993311
55,2.5,350,1.2083996871961915,37.45819397993311
40,2.0,400,1.195764188854381,38.37535014005603
40,2.5,400,1.195764188854381,38.37535014005603
35,1.0,500,1.1933560182395604,32.86467486818981
35,1.5,500,1.1933560182395604,32.86467486818981
35,3.0,450,1.1896311647815119,42.780748663101605
35,1.0,300,1.1834117214699327,32.89689034369886
35,1.5,300,1.1834117214699327,32.89689034369886
40,2.0,350,1.173902285183771,37.533512064343164
40,2.5,350,1.173902285183771,37.533512064343164
40,1.0,400,1.1719483002423612,31.428571428571427
40,1.5,400,1.1719483002423612,31.428571428571427
35,3.0,600,1.1717122362394496,43.50282485875706
40,1.0,550,1.1694319675837614,30.528375733855185
40,1.5,550,1.1694319675837614,30.528375733855185
35,3.0,750,1.1671108882486354,43.75
40,2.0,300,1.165343814289212,37.85900783289817
40,2.5,300,1.165343814289212,37.85900783289817
35,1.0,400,1.1649284779775784,33.910034602076124
35,1.5,400,1.1649284779775784,33.910034602076124
35,2.0,450,1.1629304410530243,38.87468030690537
35,2.5,450,1.1629304410530243,38.87468030690537
35,1.0,350,1.1604674667663155,33.50083752093803
35,1.5,350,1.1604674667663155,33.50083752093803
35,3.0,700,1.159743741370191,43.50282485875706
55,2.0,300,1.1545677562997667,37.38019169329074
55,2.5,300,1.1545677562997667,37.38019169329074
40,1.0,300,1.1545385434075306,31.25
40,1.5,300,1.1545385434075306,31.25
30,2.0,400,1.1443037487312668,38.44444444444444
30,2.5,400,1.1443037487312668,38.44444444444444
30,2.0,350,1.1353095831086308,38.26086956521739
30,2.5,350,1.1353095831086308,38.26086956521739
35,3.0,650,1.1302536063529642,42.69662921348314
40,3.0,500,1.130144395542672,44.44444444444444
30,2.0,300,1.1275457659764667,38.347457627118644
30,2.5,300,1.1275457659764667,38.347457627118644
35,2.0,350,1.1224724494525358,38.49878934624697
35,2.5,350,1.1224724494525358,38.49878934624697
30,3.0,550,1.1188706825786563,49.21465968586388
40,1.0,500,1.1163187605999412,30.134357005758154
40,1.5,500,1.1163187605999412,30.134357005758154
40,3.0,450,1.1146731966661299,43.859649122807014
35,2.0,400,1.0865548085574839,38.59649122807017
35,2.5,400,1.0865548085574839,38.59649122807017
40,3.0,550,1.085991028467012,44.047619047619044
35,2.0,300,1.0824248869801723,37.79342723004695
35,2.5,300,1.0824248869801723,37.79342723004695
40,3.0,600,1.0775288193708916,44.24242424242424
40,3.0,650,1.0722892633123393,44.51219512195122
30,3.0,750,1.06764729787442,48.38709677419355
30,3.0,450,1.065670379963617,48.18652849740933
30,3.0,700,1.0599905298864198,48.1283422459893
30,3.0,600,1.057065805513413,48.67724867724868
35,3.0,400,1.0508066272782712,41.62436548223351
30,3.0,650,1.0468472689766115,47.89473684210526
30,3.0,500,1.0463714989361141,48.18652849740933
40,3.0,700,1.0303477180018386,43.90243902439025
40,3.0,400,1.0071966846408242,42.45810055865922
40,3.0,750,0.9680053711328476,43.558282208588956
35,3.0,350,0.9675600634570475,41.29353233830846
30,3.0,400,0.9600742648703425,47.524752475247524
35,3.0,300,0.9549269244786263,40.758293838862556
30,3.0,350,0.8972888064744525,46.3768115942029
40,3.0,350,0.8909406906950127,40.98360655737705
40,3.0,300,0.8846839470921889,40.10416666666667
30,3.0,300,0.8506696370909717,44.74885844748858
