date,open,high,low,close,volume
1667005200000,4.0955,4.0968,4.05,4.0611,10882.2
1667008800000,4.0613,4.0901,4.0454,4.0501,17411.14
1667012400000,4.0522,4.1098,4.0478,4.095,26778.01
1667016000000,4.1034,4.1119,4.0372,4.0481,19492.09
1667019600000,4.0481,4.0601,4.0404,4.0407,10962.15
1667023200000,4.0481,4.074,4.0384,4.0384,14652.08
1667026800000,4.0382,4.0568,4.0241,4.0308,23925.77
1667030400000,4.0308,4.0947,4.0221,4.0559,43800.49
1667034000000,4.0558,4.0904,4.0387,4.0625,23255.86
1667037600000,4.0579,4.0635,3.9757,4.0015,38886.15
1667041200000,4.0097,4.01,3.9587,3.9801,25096.23
1667044800000,3.9807,4.0021,3.9629,3.9939,8930.23
1667048400000,3.9965,4.013,3.9676,3.9848,27286.78
1667052000000,3.9801,3.9924,3.9559,3.9603,17953
1667055600000,3.9603,3.9987,3.9353,3.9558,37967.39
1667059200000,3.9558,4.0114,3.9557,3.9872,39095.62
1667062800000,3.9773,4.0011,3.9,3.9169,47575.86
1667066400000,3.9094,3.9575,3.9,3.9306,25312.67
1667070000000,3.9306,3.9552,3.8987,3.9386,22972.73
1667073600000,3.9426,3.9429,3.9133,3.9236,8363.25
1667077200000,3.9182,3.9517,3.912,3.9454,11483.41
1667080800000,3.9514,3.9569,3.9185,3.9228,7565.61
1667084400000,3.9228,3.968,3.9158,3.9571,13456.05
1667088000000,3.9645,3.9989,3.9543,3.9717,18925.41
1667091600000,3.9716,3.999,3.9653,3.9707,6686.31
1667095200000,3.9801,3.995,3.9532,3.9741,11158.77
1667098800000,3.9742,3.9922,3.9697,3.974,7521.12
1667102400000,3.98,3.9828,3.9401,3.9401,14051.78
1667106000000,3.9392,3.961,3.9312,3.9435,15300.08
1667109600000,3.9467,3.9496,3.9207,3.9279,6814.13
1667113200000,3.9304,3.9618,3.9227,3.9387,11428.2
1667116800000,3.9387,4,3.9265,3.9785,53978.82
1667120400000,3.9884,4.0151,3.9341,3.9492,39185.51
1667124000000,3.9385,3.986,3.9313,3.9663,10468.36
1667127600000,3.966,4.0165,3.9467,4.006,42663.78
1667131200000,4.0046,4.0998,3.98,4.0671,60545.48
1667134800000,4.0615,4.2199,4.0101,4.1613,230080.44
1667138400000,4.1722,5.2,4.1665,4.9888,1291238.08
1667142000000,4.974,5.1,4.3951,4.437,768554.15
1667145600000,4.4391,4.82,4.403,4.6698,393242.68
1667149200000,4.6735,4.6886,4.5423,4.6115,133207.47
1667152800000,4.6088,4.632,4.4546,4.4711,86186.39
1667156400000,4.4722,4.6032,4.4465,4.4479,85371.74
1667160000000,4.4528,4.5509,4.394,4.4682,75411.1
1667163600000,4.4766,4.5376,4.4525,4.4903,33495.74
1667167200000,4.511,4.64,4.4021,4.6045,98268
1667170800000,4.6011,4.6834,4.4469,4.6618,135212.59
1667174400000,4.6546,4.693,4.4423,4.6006,127292.54
1667178000000,4.6043,4.8317,4.5909,4.7059,180136.35
1667181600000,4.7073,4.7307,4.5286,4.6772,125808.6
1667185200000,4.6833,4.8266,4.6011,4.7059,135885.9
1667188800000,4.7032,4.7807,4.5811,4.5919,79894.88
1667192400000,4.5984,4.6231,4.4977,4.5128,68851.08
1667196000000,4.5139,4.6906,4.4857,4.65,69170.07
1667199600000,4.6515,4.6515,4.5464,4.5837,32654.72
1667203200000,4.5905,4.6336,4.4609,4.4762,123344.1
1667206800000,4.4705,4.5699,4.453,4.5372,54411.93
1667210400000,4.5371,4.5863,4.4521,4.4609,56196.07
1667214000000,4.467,4.4878,4.4108,4.4585,59512.81
1667217600000,4.4589,4.4596,4.3753,4.4104,77909
1667221200000,4.4057,4.4159,4.2297,4.2356,112769.82
1667224800000,4.2359,4.3341,4.2,4.2744,114585.14
1667228400000,4.2827,4.3479,4.2442,4.2599,55782.94
1667232000000,4.2597,4.3223,4.22,4.2935,36148.79
1667235600000,4.2891,4.3119,4.2636,4.292,14227.29
1667239200000,4.2935,4.3141,4.2676,4.2859,14225.75
1667242800000,4.2804,4.3075,4.2605,4.2853,9230.64
1667246400000,4.2866,4.3051,4.25,4.2882,49737.77
1667250000000,4.2882,4.2918,4.2582,4.2636,11987.99
1667253600000,4.2755,4.3105,4.2694,4.2874,13047.43
1667257200000,4.2891,4.355,4.2715,4.2715,53474.03
1667260800000,4.2794,4.328,4.27,4.3004,39300.14
1667264400000,4.3033,4.3489,4.3033,4.326,17956.93
1667268000000,4.3298,4.3622,4.3091,4.34,27817.28
1667271600000,4.3359,4.3508,4.2797,4.3119,26336.63
1667275200000,4.3119,4.3361,4.2,4.2025,55411.14
1667278800000,4.2069,4.2339,4.1144,4.1623,129417.39
1667282400000,4.16,4.2222,4.1512,4.2133,27339.93
1667286000000,4.2169,4.2287,4.192,4.2214,24845.48
1667289600000,4.225,4.2523,4.2138,4.225,16233.67
1667293200000,4.2312,4.2475,4.1756,4.2104,30599.98
1667296800000,4.2104,4.2277,4.206,4.2169,8193.13
1667300400000,4.2169,4.2169,4.0598,4.1438,137675.83
1667304000000,4.1444,4.5997,4.1297,4.392,366012.09
1667307600000,4.3811,4.4974,4.2466,4.2813,298717.38
1667311200000,4.2741,4.35,4.2651,4.2726,66746.74
1667314800000,4.2726,4.293,4.2008,4.2313,46069.87
1667318400000,4.2337,4.2505,4.15,4.1869,49970.4
1667322000000,4.1801,4.2149,4.1679,4.2083,17851.6
1667325600000,4.208,4.3344,4.2057,4.2755,45876.37
1667329200000,4.2712,4.2948,4.224,4.2264,19098.85
1667332800000,4.2274,4.2381,4.2068,4.2339,15770.6
1667336400000,4.231,4.2425,4.2216,4.2339,3316.72
1667340000000,4.2266,4.2429,4.214,4.2408,7424.45
1667343600000,4.2408,4.2675,4.1953,4.2061,24624.98
1667347200000,4.2067,4.2923,4.193,4.2629,23570.92
1667350800000,4.2577,4.2899,4.2207,4.2229,17733.42
1667354400000,4.2282,4.2293,4.1808,4.2159,16463.17
1667358000000,4.2168,4.2595,4.1826,4.2333,22774.9
1667361600000,4.2332,4.417,4.1932,4.2743,98289.05
1667365200000,4.2843,4.4483,4.2777,4.3117,75136.57
1667368800000,4.3218,4.43,4.2946,4.3034,65822.32
1667372400000,4.3122,4.3529,4.2264,4.2997,46896.19
1667376000000,4.2941,4.3798,4.2841,4.3115,40650.98
1667379600000,4.3076,4.3099,4.2304,4.2626,49242.81
1667383200000,4.2634,4.3258,4.2,4.2263,42657.53
1667386800000,4.2282,4.293,4.2,4.2489,33605.37
1667390400000,4.245,4.2832,4.1945,4.2006,44872.34
1667394000000,4.2043,4.2043,4.1068,4.1275,84668.24
1667397600000,4.1274,4.214,4.1273,4.1653,23846.22
1667401200000,4.1658,4.1667,4.1218,4.1584,20304
1667404800000,4.158,4.26,4.1435,4.1981,57608.71
1667408400000,4.1946,4.2007,4.13,4.14,35533.96
1667412000000,4.1377,4.2889,4.13,4.1898,130763.45
1667415600000,4.1877,4.2721,4.1758,4.2328,79729.26
1667419200000,4.2351,4.33,4.1967,4.2405,67875.69
1667422800000,4.2404,4.2944,4.2309,4.2698,18579.99
1667426400000,4.2698,4.2917,4.251,4.2643,21915.39
1667430000000,4.2605,4.3258,4.2491,4.3079,30865.54
1667433600000,4.312,4.4389,4.2896,4.3362,120444.56
1667437200000,4.3424,4.4056,4.3258,4.3782,45027.86
1667440800000,4.3782,4.397,4.3405,4.3524,49063.54
1667444400000,4.3524,4.3673,4.309,4.309,53140.01
1667448000000,4.309,4.3451,4.2848,4.2882,46962.03
1667451600000,4.2917,4.3143,4.2564,4.3025,37131.01
1667455200000,4.3036,4.331,4.2795,4.3096,40117.95
1667458800000,4.3134,4.3245,4.2612,4.2804,29394.57
1667462400000,4.2851,4.2979,4.2518,4.2732,19098.11
1667466000000,4.2717,4.3139,4.263,4.3019,43539.72
1667469600000,4.2915,4.3566,4.2665,4.282,203356.59
1667473200000,4.283,4.2913,4.193,4.2149,59121.76
1667476800000,4.2231,4.2435,4.1779,4.1998,47139.7
1667480400000,4.1998,4.2456,4.1882,4.2266,31811.26
1667484000000,4.2272,4.3164,4.2187,4.2747,47168.99
1667487600000,4.2731,4.3517,4.2615,4.3235,48900.11
1667491200000,4.3225,4.3266,4.2752,4.2839,27485.89
1667494800000,4.2803,4.2803,4.2479,4.258,29968.97
1667498400000,4.2633,4.2696,4.23,4.2534,18370.66
1667502000000,4.2534,4.2772,4.2508,4.2576,8784.11
1667505600000,4.262,4.262,4.2336,4.2459,11804.3
1667509200000,4.2471,4.2662,4.2316,4.2453,5446.9
1667512800000,4.2391,4.2417,4.2073,4.217,15555.65
1667516400000,4.2164,4.2346,4.1808,4.2,40546.05
1667520000000,4.2016,4.22,4.1374,4.1642,70038.05
1667523600000,4.1642,4.1712,4.1092,4.1426,39016.12
1667527200000,4.1434,4.1872,4.1401,4.1803,16219.41
1667530800000,4.1786,4.207,4.1734,4.1994,11787.35
1667534400000,4.1996,4.241,4.178,4.2304,37388.82
1667538000000,4.2304,4.2534,4.2118,4.2148,22237.73
1667541600000,4.2148,4.2675,4.2142,4.2568,31771.97
1667545200000,4.2563,4.2783,4.2296,4.2601,33815.13
1667548800000,4.2602,4.2681,4.2333,4.2435,22934.66
1667552400000,4.2407,4.2456,4.2124,4.2264,30828.68
1667556000000,4.2264,4.2892,4.2239,4.2498,33236.25
1667559600000,4.2432,4.2552,4.2118,4.2382,20730.29
1667563200000,4.2383,4.4464,4.236,4.3414,245665.85
1667566800000,4.3326,4.3584,4.282,4.3044,58965
1667570400000,4.3116,4.3495,4.3099,4.3471,40202.54
1667574000000,4.3472,4.3569,4.2853,4.3391,40128.47
1667577600000,4.3335,4.42,4.3142,4.3957,91147.21
1667581200000,4.3891,4.42,4.3491,4.3624,53887.03
1667584800000,4.3645,4.3762,4.3394,4.3638,15562.54
1667588400000,4.36,4.4019,4.3519,4.3652,16994.95
1667592000000,4.3653,4.3763,4.337,4.34,24081.01
1667595600000,4.3436,4.3827,4.3369,4.3655,14464.31
1667599200000,4.3694,4.4866,4.3474,4.4227,47855.29
1667602800000,4.4178,4.4339,4.3808,4.4162,32460.83
1667606400000,4.4117,4.5038,4.4038,4.4934,56626.36
1667610000000,4.4958,4.7427,4.4664,4.4878,256901.49
1667613600000,4.4878,4.5736,4.4821,4.5158,67768.26
1667617200000,4.5156,4.587,4.4585,4.4883,48195.32
1667620800000,4.4952,4.5896,4.4889,4.5031,32592.08
1667624400000,4.5027,4.5819,4.4482,4.5819,40130.33
1667628000000,4.5767,4.5819,4.502,4.5322,33897.78
1667631600000,4.5366,4.5454,4.4793,4.4847,25009.73
1667635200000,4.4853,4.4917,4.4176,4.4801,59887.1
1667638800000,4.4819,4.9589,4.4819,4.8705,494200.74
1667642400000,4.8692,4.9345,4.6613,4.7888,247997.29
1667646000000,4.7842,4.842,4.7056,4.7595,160070.27
1667649600000,4.7606,4.7929,4.6016,4.6231,107973.22
1667653200000,4.6227,4.8523,4.6119,4.7908,139239.17
1667656800000,4.7983,5.268,4.778,5.0956,1154210.68
1667660400000,5.0815,5.4854,4.98,5.1912,1037192.07
1667664000000,5.1907,5.3,4.9819,5.0434,328608.89
1667667600000,5.0473,5.22,5.0328,5.1097,222842.61
1667671200000,5.1098,5.2899,5.06,5.2453,170747.81
1667674800000,5.2401,5.3,5.0848,5.1816,224914.1
1667678400000,5.1736,5.1906,5.0881,5.1171,102565.5
1667682000000,5.1141,5.1171,4.9502,5.072,119907.7
1667685600000,5.0679,5.0685,4.9859,5.0179,68236.21
1667689200000,5.0159,5.1343,4.8841,4.9108,128294.14
1667692800000,4.9054,5.1528,4.8689,5.0548,212578.56
1667696400000,5.0569,5.0648,4.8862,4.8986,93834.17
1667700000000,4.9004,4.9865,4.8967,4.9554,73421.15
1667703600000,4.9554,5.2059,4.9554,5.0905,159861.89
1667707200000,5.0931,5.2229,5.0367,5.2074,132938.24
1667710800000,5.206,5.2573,5.112,5.1398,165877.07
1667714400000,5.1423,5.2639,5.13,5.2213,119840.55
1667718000000,5.2168,5.35,5.1281,5.2029,255279.56
1667721600000,5.2001,5.2209,5.13,5.1403,100955.31
1667725200000,5.1416,5.1654,4.9686,5.0193,184277.98
1667728800000,5.0157,5.0726,4.9718,5.0073,97190.86
1667732400000,5.0052,5.0812,5.0046,5.05,59596.11
1667736000000,5.0491,5.1369,5.0077,5.1003,83019.1
1667739600000,5.094,5.1296,5.0285,5.0416,38456.36
1667743200000,5.0476,5.0521,4.88,4.8872,158415.9
1667746800000,4.8836,4.9447,4.822,4.8841,113347.78
1667750400000,4.884,4.884,4.745,4.7632,116116.92
1667754000000,4.7615,4.7632,4.7001,4.7294,66321.64
1667757600000,4.7294,4.7877,4.709,4.7547,46168.49
1667761200000,4.7478,4.78,4.7462,4.7497,26171.28
1667764800000,4.7583,4.7781,4.7016,4.7411,27011.33
1667768400000,4.7354,4.7528,4.6654,4.667,42434.36
1667772000000,4.6662,4.704,4.5601,4.6718,86638.26
1667775600000,4.6718,4.6845,4.5,4.5273,128050.69
1667779200000,4.5272,4.5414,4.4853,4.5026,56196.87
1667782800000,4.4955,4.6108,4.465,4.6042,62599.95
1667786400000,4.6042,4.7054,4.575,4.689,93053.97
1667790000000,4.6901,4.7038,4.6063,4.6579,41557.21
1667793600000,4.6577,4.7053,4.5611,4.6234,61983.17
1667797200000,4.6311,4.6944,4.6129,4.6129,40072.07
1667800800000,4.6164,4.6604,4.5793,4.5824,40114.74
1667804400000,4.5818,4.5822,4.2758,4.3291,189937.96
1667808000000,4.3214,4.581,4.2777,4.537,202227.82
1667811600000,4.5414,4.6657,4.5292,4.5787,101418.5
1667815200000,4.5759,4.721,4.5662,4.6798,86223.51
1667818800000,4.6811,4.7,4.5974,4.6366,57178.48
1667822400000,4.6366,4.68,4.5359,4.6028,124750.14
1667826000000,4.6049,4.6724,4.5349,4.5792,66995.38
1667829600000,4.5865,4.6092,4.5,4.5303,89537.43
1667833200000,4.5344,4.7004,4.51,4.6893,97298.36
1667836800000,4.6776,5.1862,4.6663,5.017,578672.62
1667840400000,5.0227,5.0408,4.9002,5.0051,132292.97
1667844000000,5.0051,5.0286,4.9095,4.9492,83475.53
1667847600000,4.9461,4.952,4.8504,4.8753,81282.59
1667851200000,4.8798,5.0406,4.8546,4.98,81659.75
1667854800000,4.9742,4.9869,4.8547,4.8942,42787.67
1667858400000,4.892,4.8927,4.7188,4.8127,103171.7
1667862000000,4.81,5.087,4.8015,5.0198,208547.15
1667865600000,5.0306,5.1,4.8858,4.9613,112343.01
1667869200000,4.9514,5.2188,4.9398,5.2099,220097.7
1667872800000,5.2098,5.3305,5,5.013,206379.44
1667876400000,5.0082,5.1918,4.6912,4.7038,270786.19
1667880000000,4.7048,4.8854,4.5679,4.741,325998.68
1667883600000,4.7458,4.8283,4.5,4.7196,227838.35
1667887200000,4.7178,5.261,4.6568,5.0873,405702.25
1667890800000,5.0985,5.32,4.9868,5.1604,396159.41
1667894400000,5.1746,5.2586,5.0895,5.1684,154768.07
1667898000000,5.1657,5.7765,5.1637,5.6501,701567.61
1667901600000,5.6501,5.6586,5.35,5.3698,377963.56
1667905200000,5.3719,5.396,5.2002,5.2118,177631.1
1667908800000,5.2156,5.3894,5.2062,5.36,104487.09
1667912400000,5.36,5.5697,5.2827,5.2981,237277.63
1667916000000,5.2981,5.3894,5.0208,5.2127,304161.01
1667919600000,5.2181,5.3368,5.1152,5.2145,149184.64
1667923200000,5.2147,5.4899,5.1772,5.2583,366622.42
1667926800000,5.2599,5.3,5.08,5.0876,151061.78
1667930400000,5.1027,5.1453,4.67,4.7331,282277.68
1667934000000,4.7331,4.8232,3.9493,4.5764,602171.39
1667937600000,4.5765,4.6772,4.173,4.3486,243969.49
1667941200000,4.3367,4.4806,4.264,4.3968,105006.92
1667944800000,4.3968,4.7499,4.3288,4.662,225642.68
1667948400000,4.6606,5.4,4.534,5.1991,633517.41
1667952000000,5.2249,5.35,4.732,4.7777,640676.62
1667955600000,4.7753,4.9356,4.66,4.6828,148986.06
1667959200000,4.6891,4.6946,4.38,4.3803,192810.93
1667962800000,4.3871,4.8531,4.3227,4.7616,196000.05
1667966400000,4.7542,5.0691,4.6024,4.6333,214926.5
1667970000000,4.6333,4.9056,4.5575,4.7311,271707.78
1667973600000,4.7366,4.9,4.6001,4.6001,117022.87
1667977200000,4.6009,4.6551,4.4667,4.5144,135738.75
1667980800000,4.5167,4.5174,4,4.3358,357526.24
1667984400000,4.3358,4.3358,4.01,4.1321,208573.09
1667988000000,4.141,4.2297,3.8301,4.1276,236116.18
1667991600000,4.1277,4.4339,4.0501,4.3922,154043.59
1667995200000,4.3869,4.4261,4.1727,4.2154,177896.69
1667998800000,4.2154,4.2618,4.0604,4.1691,111448.86
1668002400000,4.1627,4.2419,4.0256,4.1521,80398.09
1668006000000,4.1521,4.2377,3.7667,3.83,276326.65
1668009600000,3.817,4.2121,3.8072,3.9717,197355.55
1668013200000,3.9553,4.015,3.8625,3.9168,42291.64
1668016800000,3.9088,3.9165,3.601,3.6552,118268.13
1668020400000,3.6509,3.9992,3.63,3.8049,138494.67
1668024000000,3.8049,3.8236,3.5115,3.6219,100206.42
1668027600000,3.6219,3.6298,3.05,3.1467,258690.66
1668031200000,3.1576,3.4503,3.14,3.3446,115186.58
1668034800000,3.343,3.3512,3.18,3.3324,99236.21
1668038400000,3.3172,3.6322,3.2903,3.535,239441.07
1668042000000,3.525,3.7963,3.4857,3.5354,199212.41
1668045600000,3.5354,3.6697,3.4613,3.6,82542.77
1668049200000,3.6,3.7599,3.6,3.719,110122.61
1668052800000,3.7112,3.8799,3.6575,3.8415,84508.92
1668056400000,3.8548,3.943,3.7,3.9412,125957.61
1668060000000,3.9299,4.16,3.8577,3.9788,167676.11
1668063600000,3.9733,4.0678,3.8638,3.8965,82154.88
1668067200000,3.8963,4.34,3.7435,4.1094,536524.97
1668070800000,4.1202,4.2935,4.0594,4.1771,179082.65
1668074400000,4.191,4.1967,3.8559,3.8681,131911
1668078000000,3.871,4.0659,3.871,3.9719,67367.42
1668081600000,3.9717,4.0915,3.9404,4.0105,89229.33
1668085200000,4.0104,4.4294,4.0019,4.3761,336888.07
1668088800000,4.3896,4.47,4.2101,4.4459,183971.26
1668092400000,4.4298,4.5997,4.1744,4.3319,362301.3
1668096000000,4.3444,4.4652,4.2277,4.2555,168829.03
1668099600000,4.2555,4.3085,4.035,4.0923,109820.12
1668103200000,4.1053,4.25,4.0947,4.1954,60908.69
1668106800000,4.1986,4.365,4.19,4.2931,62648.87
1668110400000,4.288,4.3887,4.2533,4.3345,53644.89
1668114000000,4.3381,4.3486,4.2578,4.2592,31730.53
1668117600000,4.2686,4.3142,4.2425,4.2515,22616.26
1668121200000,4.2462,4.4673,4.2,4.452,101234.87
1668124800000,4.4521,4.5664,4.2923,4.5036,165328.45
1668128400000,4.5113,4.65,4.21,4.2345,202609.74
1668132000000,4.2345,4.4903,4.2245,4.2955,96475.76
1668135600000,4.2955,4.2982,4.0985,4.2391,135980.34
1668139200000,4.2408,4.4153,4.1593,4.2611,101892.54
1668142800000,4.2632,4.4755,4.2611,4.411,83609.62
1668146400000,4.4012,4.5448,4.3542,4.4861,112620.71
1668150000000,4.4945,4.4991,4.3375,4.34,81131.2
1668153600000,4.3446,4.4358,4.2,4.3949,113745.27
1668157200000,4.3929,4.3929,4.2987,4.3702,43933.8
1668160800000,4.3595,4.3732,4.2771,4.3327,45187.34
1668164400000,4.3326,4.38,4.2892,4.3318,39956.21
1668168000000,4.3315,4.423,4.3101,4.3789,46888.04
1668171600000,4.3789,4.4696,4.3556,4.3616,137002.95
1668175200000,4.3561,4.3561,3.789,4.0927,483454.3
1668178800000,4.0927,4.1797,4.0014,4.0546,119522.47
1668182400000,4.0596,4.0794,3.919,4.0501,64883.23
1668186000000,4.05,4.2,4.0079,4.1661,71176.99
1668189600000,4.1667,4.2254,4.1208,4.1513,50878.76
1668193200000,4.1513,4.1603,4.0959,4.1307,33211.6
1668196800000,4.1307,4.1343,3.9803,4.0685,75853.45
1668200400000,4.0623,4.1603,4.0383,4.1534,46821.19
1668204000000,4.1405,4.2054,4.1248,4.1991,26895.05
1668207600000,4.1991,4.3143,4.1744,4.2594,55225.94
1668211200000,4.2599,4.2748,4.1365,4.1369,28300.05
1668214800000,4.1382,4.3299,4.1231,4.2631,54981.79
1668218400000,4.2638,4.3636,4.2201,4.29,63175.97
1668222000000,4.28,4.308,4.1611,4.1919,58689.91
1668225600000,4.2004,4.2056,3.9001,3.9423,215764.4
1668229200000,3.9423,3.947,3.7779,3.8724,171713.64
1668232800000,3.8725,4.025,3.8668,4.0072,72548.32
1668236400000,4.0073,4.0992,3.9684,3.9846,53621.12
1668240000000,3.9845,4.0775,3.9143,3.9943,64215.29
1668243600000,4.0012,4.0538,3.9854,3.9975,33209.91
1668247200000,4.0028,4.0118,3.9011,3.9522,57821.17
1668250800000,3.9468,3.9759,3.915,3.9667,35294.01
1668254400000,3.9757,4.0089,3.9523,3.9658,25486.21
1668258000000,3.97,3.973,3.8616,3.9057,47418.84
1668261600000,3.9103,4.013,3.8788,3.9974,42826.92
1668265200000,3.9974,4.0062,3.9731,3.9862,14525.17
1668268800000,3.9805,4.0666,3.97,3.9937,69091.11
1668272400000,3.995,3.995,3.9734,3.984,8956.38
1668276000000,3.9863,3.9891,3.97,3.9795,7293.2
1668279600000,3.9798,4.04,3.9738,3.9981,11078.5
1668283200000,3.9981,4.004,3.949,3.9561,14452.02
1668286800000,3.9561,3.96,3.9372,3.9599,5722.21
1668290400000,3.9595,3.96,3.9294,3.9545,15000.09
1668294000000,3.9545,3.9862,3.9034,3.9824,21282.55
1668297600000,3.9782,4.0462,3.9731,4.0394,22192.79
1668301200000,4.0394,4.0976,4.0015,4.0076,39220.12
1668304800000,4.0076,4.104,4.0028,4.0973,20810.09
1668308400000,4.0923,4.12,4.0586,4.0786,35274.14
1668312000000,4.0794,4.12,4.0172,4.02,23101.93
1668315600000,4.02,4.0477,3.9982,3.9999,21925.38
1668319200000,3.9999,4.07,3.9212,3.9309,65990.55
1668322800000,3.9263,4.0018,3.91,3.9561,42516.8
1668326400000,3.9561,3.9605,3.8743,3.8796,32664.1
1668330000000,3.8788,3.8905,3.7561,3.7844,80501.04
1668333600000,3.78,3.9222,3.759,3.8932,69137.8
1668337200000,3.8946,3.9612,3.8848,3.9457,13826.34
1668340800000,3.9379,3.9496,3.8905,3.9194,15517.16
1668344400000,3.9169,3.97,3.9023,3.9415,25475.45
1668348000000,3.9415,3.9737,3.8651,3.8651,31449.81
1668351600000,3.8689,3.9,3.831,3.8774,22294.74
1668355200000,3.8786,3.892,3.845,3.867,19586.82
1668358800000,3.8615,3.8886,3.8067,3.8637,25639.21
1668362400000,3.86,3.8719,3.8145,3.8482,13039.66
1668366000000,3.8508,3.9754,3.8303,3.9748,43866.55
1668369600000,3.9748,3.9865,3.8423,3.851,89423.14
1668373200000,3.8474,3.8742,3.7836,3.8379,28505.95
1668376800000,3.8393,3.8907,3.819,3.8767,10992.62
1668380400000,3.8718,3.8796,3.8001,3.8566,23921.2
1668384000000,3.857,3.8861,3.6917,3.724,62468.36
1668387600000,3.724,3.7553,3.65,3.6591,47006.37
1668391200000,3.6596,3.7153,3.5386,3.7084,53262.28
1668394800000,3.7084,3.7686,3.6768,3.7183,45520.26
1668398400000,3.7119,3.7472,3.6601,3.7405,33015.42
1668402000000,3.7355,3.7553,3.6934,3.7172,16908.57
1668405600000,3.7148,3.9125,3.7147,3.8919,67883.3
1668409200000,3.9059,3.9717,3.8265,3.9681,47650.36
1668412800000,3.9587,4.0685,3.9121,3.9704,71543.72
1668416400000,3.9704,4.0097,3.8625,3.9483,52935.95
1668420000000,3.9437,3.9761,3.9296,3.9546,27508.8
1668423600000,3.9557,4.026,3.9148,3.9392,47051.81
1668427200000,3.9391,3.9736,3.8847,3.9544,27839.83
1668430800000,3.9608,4.2497,3.8482,4.0208,298891.19
1668434400000,4.0035,4.1624,3.9615,4.0489,134488.28
1668438000000,4.0472,4.0623,3.9126,3.9558,65358.78
1668441600000,3.9558,3.9833,3.8293,3.8634,67943.06
1668445200000,3.8698,3.9289,3.8654,3.8834,23782.63
1668448800000,3.8929,3.9178,3.8482,3.9121,20047.85
1668452400000,3.9129,3.9222,3.8396,3.8451,18254.51
1668456000000,3.8399,3.8973,3.8343,3.8862,10948.31
1668459600000,3.882,3.9023,3.8496,3.9023,14194.03
1668463200000,3.9033,3.9254,3.8785,3.9204,13749.15
1668466800000,3.9204,4.0328,3.9008,3.9889,34506.8
1668470400000,3.9914,4.057,3.9537,3.9673,41644.73
1668474000000,3.9667,4.0503,3.9537,4.0087,27110.99
1668477600000,4.0077,4.05,3.988,4.05,41701.02
1668481200000,4.0424,4.1816,4.0423,4.1016,99205.03
1668484800000,4.1029,4.1476,4.0384,4.07,43395.66
1668488400000,4.0794,4.0979,4.0118,4.0338,39422.54
1668492000000,4.0388,4.0841,4.0003,4.0228,40250.91
1668495600000,4.0234,4.0907,4.017,4.0826,21939.32
1668499200000,4.0828,4.1274,4.0275,4.0826,50042.9
1668502800000,4.0801,4.1278,4.0201,4.0329,63576.24
1668506400000,4.0376,4.0808,4.0228,4.0651,27505.51
1668510000000,4.0712,4.1077,4.0147,4.0385,32370.68
1668513600000,4.0392,4.0968,4.0112,4.0728,26430.97
1668517200000,4.0732,4.2,4.071,4.1972,74318.23
1668520800000,4.1972,4.6341,4.1402,4.54,600888.76
1668524400000,4.5496,5.3,4.51,5.2154,754238.08
1668528000000,5.2155,5.75,4.9704,5.0394,1191160.8
1668531600000,5.0389,5.0658,4.79,4.9907,339329.07
1668535200000,4.9899,5.1738,4.75,4.8501,302799.53
1668538800000,4.8534,4.9991,4.7611,4.9621,120465.74
1668542400000,4.9736,5.0397,4.8321,4.9905,111795.79
1668546000000,4.9911,5.0462,4.9106,5.0142,62306.24
1668549600000,5.0155,5.1655,4.8476,5.1368,86018.26
1668553200000,5.1364,5.4199,5.0871,5.3685,339909.02
1668556800000,5.3508,5.5,5.0825,5.2035,279785.87
1668560400000,5.2152,5.2727,5.0411,5.242,119881.33
1668564000000,5.2418,5.4435,5.1955,5.3681,212964.29
1668567600000,5.3626,5.674,5.3208,5.572,373833.16
1668571200000,5.5658,5.7141,5.4058,5.4498,267959.18
1668574800000,5.4538,5.6907,5.438,5.6677,179964.29
1668578400000,5.6677,5.7,5.33,5.4212,250669.09
1668582000000,5.4211,5.4601,5.15,5.17,242547.32
1668585600000,5.1753,5.2397,4.9866,5.0983,192927.35
1668589200000,5.1087,5.19,4.94,5.111,153042.21
1668592800000,5.1114,5.1983,4.9726,5.1226,101517.96
1668596400000,5.1239,5.2329,5.0586,5.1202,102892.95
1668600000000,5.1288,5.175,4.9881,5.1625,87203.14
1668603600000,5.1583,5.4174,5.0715,5.1673,256868.85
1668607200000,5.1555,5.3,4.8671,5.0464,274572.36
1668610800000,5.0524,5.0774,4.8162,4.8693,146947.28
1668614400000,4.864,5.0597,4.8109,5.0286,121415.12
1668618000000,5.016,5.66,4.9417,5.5283,484319.82
1668621600000,5.5311,5.5658,5.2,5.41,207814.74
1668625200000,5.41,5.41,5.2632,5.3879,56475.96
1668628800000,5.3765,5.5052,5.3025,5.3326,108338.67
1668632400000,5.3348,5.4086,5.2876,5.3917,56264.75
1668636000000,5.4012,5.497,5.28,5.4126,61658.04
1668639600000,5.4092,5.474,5.2615,5.3922,96084.43
1668643200000,5.3916,5.5286,5.2272,5.4951,106671.6
1668646800000,5.5155,6.1231,5.5001,6.0804,597132.9
1668650400000,6.0801,6.1843,5.67,5.6866,269735.79
1668654000000,5.6831,5.778,5.3509,5.4048,280460.75
1668657600000,5.4047,5.6468,5.2284,5.572,205918.16
1668661200000,5.572,5.7499,5.4574,5.6364,170759.56
1668664800000,5.6312,5.9426,5.594,5.8617,289095.65
1668668400000,5.8724,5.9578,5.7503,5.8358,158128.48
1668672000000,5.8357,6.0564,5.764,5.7856,322334.65
1668675600000,5.7865,5.8002,5.5286,5.6167,145365.07
1668679200000,5.622,5.6848,5.5401,5.5575,86981.96
1668682800000,5.5575,5.73,5.5554,5.6999,115717.72
1668686400000,5.7002,6,5.7002,5.8417,238840.48
1668690000000,5.8417,5.8417,5.5,5.6537,133628.93
1668693600000,5.6505,5.83,5.6155,5.7291,94364.16
1668697200000,5.7181,5.9807,5.6575,5.7881,213634.99
1668700800000,5.7925,5.7925,5.6476,5.6994,136938.54
1668704400000,5.6994,5.74,5.6088,5.6988,48335.53
1668708000000,5.6972,5.7248,5.6543,5.6762,30961.76
1668711600000,5.6762,5.6848,5.5654,5.6101,36534.41
1668715200000,5.6099,5.7017,5.6056,5.6849,35714.31
1668718800000,5.6848,5.7547,5.6357,5.7247,44742.61
1668722400000,5.7264,5.8036,5.7153,5.7977,42333.09
1668726000000,5.8011,6.05,5.7269,5.7787,222203.58
1668729600000,5.7911,5.9766,5.7799,5.9175,67708.3
1668733200000,5.9085,5.96,5.7331,5.8391,101372.63
1668736800000,5.8395,5.848,5.636,5.6707,64500.59
1668740400000,5.6623,5.9,5.6522,5.7465,72991.68
1668744000000,5.7491,5.8073,5.6696,5.7579,53433.38
1668747600000,5.7548,5.7707,5.6585,5.7282,42932.68
1668751200000,5.7273,5.75,5.6254,5.7375,56368.1
1668754800000,5.7317,5.742,5.6251,5.6463,56164.54
1668758400000,5.6462,5.7076,5.5773,5.6862,66583.97
1668762000000,5.6858,5.7433,5.6593,5.7085,48196.66
1668765600000,5.7081,5.7931,5.7012,5.7582,65952.71
1668769200000,5.7583,5.8947,5.7494,5.8174,90891.56
1668772800000,5.8232,5.9288,5.76,5.85,92438.83
1668776400000,5.85,6.38,5.8292,6.27,374504.74
1668780000000,6.2695,6.4,6.077,6.1562,413573.7
1668783600000,6.1526,6.2181,6.0261,6.1704,126809.22
1668787200000,6.1739,6.313,6.1353,6.2417,119574.73
1668790800000,6.2399,6.295,6.0675,6.2099,109070.8
1668794400000,6.2127,6.2231,6.1234,6.1748,60443.43
1668798000000,6.1747,6.2631,6.1302,6.1667,55016.34
1668801600000,6.1692,6.3017,6.1002,6.28,88392.82
1668805200000,6.2892,6.3994,6.2001,6.2013,94849.22
1668808800000,6.2013,6.3104,6.1667,6.235,44643.53
1668812400000,6.235,6.235,6.035,6.035,140252.84
1668816000000,6.0454,6.0537,5.885,5.9914,141788.88
1668819600000,5.9853,6.1301,5.9535,6.0153,99405.02
1668823200000,6.0122,6.0141,5.7734,5.8342,129744.38
1668826800000,5.8295,5.99,5.7906,5.9192,59269.08
1668830400000,5.9193,5.9872,5.818,5.8822,60509.68
1668834000000,5.8763,5.9399,5.6493,5.7679,148179.53
1668837600000,5.7698,5.7698,5.38,5.6395,308960.2
1668841200000,5.6321,5.6696,5.567,5.639,79146.17
1668844800000,5.6339,5.75,5.6206,5.746,97743.63
1668848400000,5.746,5.7601,5.6186,5.6344,80993.75
1668852000000,5.6287,5.7083,5.6109,5.6124,38942.11
1668855600000,5.6196,5.6874,5.6014,5.6475,31618.33
1668859200000,5.6475,5.7586,5.6399,5.7223,59033.65
1668862800000,5.7223,5.7267,5.5404,5.5892,62284.63
1668866400000,5.5828,5.5894,5.427,5.4413,121005.19
1668870000000,5.4413,5.5643,5.4404,5.5337,82651.41
1668873600000,5.5338,5.6403,5.5337,5.6161,41839.4
1668877200000,5.6093,5.81,5.5222,5.7959,135936.53
1668880800000,5.8007,5.84,5.5187,5.6086,177628.26
1668884400000,5.5998,5.6445,5.564,5.564,22684.01
1668888000000,5.5643,5.6108,5.5445,5.6019,22736.98
1668891600000,5.6062,5.6484,5.5739,5.5845,16507.89
1668895200000,5.5936,5.6559,5.5788,5.5856,37771.91
1668898800000,5.5863,5.5987,5.4553,5.5185,65025.99
1668902400000,5.52,5.5262,5.12,5.2115,252335
1668906000000,5.2166,5.2513,4.9135,5.0546,216649.82
1668909600000,5.0434,5.1311,4.978,5.06,105245.72
1668913200000,5.0544,5.2202,5.0544,5.2096,96846.04
1668916800000,5.2108,5.2745,5.1545,5.1833,72967.72
1668920400000,5.1891,5.2,5.0956,5.1077,68918.02
1668924000000,5.1103,5.2097,5.0849,5.2097,48693.86
1668927600000,5.2015,5.2748,5.1869,5.2058,77352.15
1668931200000,5.1956,5.2118,4.9724,5.0487,130596.27
1668934800000,5.0606,5.0961,4.8682,4.9532,191463.19
1668938400000,4.9511,5.2026,4.9291,5.0493,149851.32
1668942000000,5.0595,5.0861,4.8301,4.9408,135550.92
1668945600000,4.9469,5.09,4.93,4.9902,103125.38
1668949200000,4.9864,5.0702,4.959,5.0492,66039.32
1668952800000,5.0445,5.401,5.0065,5.2986,201762.43
1668956400000,5.2979,5.4666,5.0027,5.0724,302465.76
1668960000000,5.0753,5.0753,4.8582,4.9624,197012.71
1668963600000,4.9592,4.98,4.8948,4.9084,68142.26
1668967200000,4.912,4.9494,4.8921,4.9334,49930.44
1668970800000,4.9355,4.9381,4.84,4.9058,54847.46
1668974400000,4.9083,4.9155,4.6404,4.7047,141797.92
1668978000000,4.7077,4.71,4.4586,4.4707,120057.02
1668981600000,4.4615,4.5908,4.4501,4.5478,82947.17
1668985200000,4.5435,4.5948,4.3,4.4697,205362.04
1668988800000,4.4696,4.4934,4.2893,4.4434,136080.58
1668992400000,4.4424,4.5682,4.2396,4.2694,93870.4
1668996000000,4.2641,4.274,3.88,4.077,287599.49
1668999600000,4.0682,4.1833,4.0172,4.1234,119570.22
1669003200000,4.1201,4.3392,4.1129,4.2533,142375.42
1669006800000,4.253,4.3721,4.2295,4.3091,72660.93
1669010400000,4.3075,4.4127,4.1845,4.2362,131586.64
1669014000000,4.2364,4.3144,4.189,4.2369,75223.29
1669017600000,4.2455,4.2928,4.2088,4.2587,46118.78
1669021200000,4.256,4.3263,4.1309,4.3105,78347.42
1669024800000,4.3014,4.4,4.234,4.2953,97804
1669028400000,4.2996,4.3072,4.22,4.238,48148.44
1669032000000,4.2392,4.33,4.2019,4.2912,59669.49
1669035600000,4.2898,4.395,4.2554,4.2699,85968.45
1669039200000,4.2715,4.3522,4.24,4.2916,71155.52
1669042800000,4.2937,4.2987,4.2517,4.2608,43421.29
1669046400000,4.2676,4.3151,4.161,4.2613,68997.08
1669050000000,4.2562,4.2686,4.2052,4.2058,18389.66
1669053600000,4.2064,4.2368,4.1709,4.1902,30438.77
1669057200000,4.2022,4.2643,4.1273,4.2086,56449.49
1669060800000,4.215,4.2962,4.1987,4.2549,39916.6
1669064400000,4.2606,4.2709,4.1337,4.1759,54848.48
1669068000000,4.1764,4.2335,4.1676,4.1911,32461.33
1669071600000,4.1831,4.3388,4.1831,4.2635,62617.38
1669075200000,4.2668,4.37,4.2216,4.2258,53491.52
1669078800000,4.2312,4.2387,4.1864,4.2246,33887.53
1669082400000,4.2185,4.3979,4.1951,4.3751,46720.57
1669086000000,4.3812,4.3812,4.2734,4.3194,75210.94
1669089600000,4.3248,4.3379,4.2758,4.3036,23842.34
1669093200000,4.3035,4.3086,4.2512,4.2561,26016.26
1669096800000,4.2547,4.2905,4.1688,4.1795,44268.16
1669100400000,4.1744,4.2999,4.1406,4.2531,59881.51
1669104000000,4.2637,4.2689,4.1648,4.1947,59785.95
1669107600000,4.1909,4.2211,4.1369,4.1452,36220.54
1669111200000,4.1452,4.1747,4.0651,4.1592,89776.18
1669114800000,4.1569,4.1646,4.0245,4.0296,45900.86
1669118400000,4.0261,4.1527,3.9772,4.1424,67716.9
1669122000000,4.1414,4.2439,4.1397,4.2303,67008.49
1669125600000,4.2364,4.2492,4.1383,4.1602,31509.75
1669129200000,4.1597,4.2061,4.1516,4.1853,33279.72
1669132800000,4.1853,4.2221,4.1612,4.1832,36465.04
1669136400000,4.1832,4.1865,4.1358,4.1359,17434.29
1669140000000,4.1386,4.1588,4.1033,4.1371,26757.29
1669143600000,4.1328,4.1602,4.1212,4.1499,20927.72
1669147200000,4.1605,4.1605,4.0879,4.1115,40430.03
1669150800000,4.1115,4.1528,4.0865,4.1364,12929.02
1669154400000,4.1375,4.1862,4.1093,4.1592,21168.94
1669158000000,4.1592,4.1894,4.1274,4.1794,43384.46
1669161600000,4.1746,4.1887,4.0943,4.1099,40535.19
1669165200000,4.1147,4.1361,4.0943,4.1085,11398.02
1669168800000,4.11,4.2158,4.1056,4.2036,49110.19
1669172400000,4.205,4.2678,4.1752,4.2391,33299.06
1669176000000,4.2437,4.245,4.1896,4.2227,33648.97
1669179600000,4.2172,4.2672,4.1944,4.2003,47725.96
1669183200000,4.2049,4.3276,4.2021,4.2926,39286.47
1669186800000,4.3001,4.3672,4.281,4.3217,60012.31
1669190400000,4.3234,4.3527,4.2689,4.2796,43813.36
1669194000000,4.2881,4.3277,4.2726,4.3066,22967.63
1669197600000,4.3065,4.3794,4.26,4.3292,64852.8
1669201200000,4.3263,4.3302,4.2682,4.29,32167.87
1669204800000,4.286,4.3027,4.2107,4.2202,43498.99
1669208400000,4.2193,4.2321,4.1209,4.1413,67470.21
1669212000000,4.1472,4.2027,4.1241,4.1813,43842.36
1669215600000,4.1799,4.2119,4.1603,4.1846,25581.45
1669219200000,4.1845,4.1948,4.1227,4.1285,42491.6
1669222800000,4.1235,4.2088,4.1145,4.2022,30417.76
1669226400000,4.1978,4.2344,4.171,4.1997,34157.26
1669230000000,4.2039,4.2491,4.1429,4.1626,47002.97
1669233600000,4.162,4.1979,4.1457,4.1895,13560.32
1669237200000,4.1848,4.2066,4.1647,4.1726,16928.63
1669240800000,4.1704,4.2037,4.1615,4.2029,11516.19
1669244400000,4.1976,4.2362,4.1761,4.232,31261.48
1669248000000,4.2312,4.2783,4.2004,4.2278,34322.92
1669251600000,4.2282,4.3074,4.211,4.2968,27844.87
1669255200000,4.3019,4.3074,4.1844,4.1973,49034.68
1669258800000,4.1975,4.239,4.1751,4.2348,25837.83
1669262400000,4.2392,4.2535,4.1855,4.2251,31338.31
1669266000000,4.2173,4.2279,4.1915,4.1967,16803.75
1669269600000,4.1915,4.208,4.1699,4.187,26202.58
1669273200000,4.187,4.2108,4.1746,4.18,22077.9
1669276800000,4.1853,4.2449,4.1658,4.2296,46134.6
1669280400000,4.2255,4.2341,4.182,4.1985,37564.57
1669284000000,4.1934,4.2212,4.1555,4.1706,31431.87
1669287600000,4.1635,4.19,4.1501,4.1804,14394.56
1669291200000,4.1801,4.1941,4.1378,4.1518,19773.52
1669294800000,4.157,4.1967,4.1136,4.1904,49218.03
1669298400000,4.1911,4.221,4.1611,4.1905,37104.21
1669302000000,4.1886,4.2232,4.18,4.2182,13724.87
1669305600000,4.2182,4.3142,4.2155,4.2493,112208.47
1669309200000,4.249,4.37,4.2113,4.2182,261524.3
1669312800000,4.2182,4.2294,4.1386,4.1869,77369.58
1669316400000,4.1893,4.1975,4.1395,4.1632,38698.49
1669320000000,4.1632,4.1936,4.15,4.1756,23354.73
1669323600000,4.1771,4.1999,4.1569,4.1848,15690.86
1669327200000,4.1849,4.31,4.166,4.1922,30322.37
1669330800000,4.1952,4.222,4.1858,4.1967,16771.41
1669334400000,4.2068,4.2485,4.15,4.1806,63745.08
1669338000000,4.1823,4.1827,4.0899,4.0992,39848.64
1669341600000,4.0969,4.0982,3.934,3.9894,96107.96
1669345200000,3.984,4.0113,3.9664,4.006,43781.7
1669348800000,4.0047,4.0414,3.988,3.989,17397.04
1669352400000,4.0003,4.0595,3.9915,4.0151,25969.47
1669356000000,4.0176,4.0179,3.9726,4.0031,28673.14
1669359600000,3.9957,4.0391,3.9696,4.0391,37863.26
1669363200000,4.0374,4.0543,3.9865,4.0252,34297.16
1669366800000,4.0251,4.0522,4.0072,4.0102,25849.89
1669370400000,4.0095,4.0554,4,4.016,30888.49
1669374000000,4.0178,4.0672,4.007,4.0397,34749.2
1669377600000,4.0397,4.0823,4.0227,4.0319,22635.92
1669381200000,4.0259,4.0555,4.0122,4.0289,15614.71
1669384800000,4.0289,4.0392,3.9902,4.027,17732.25
1669388400000,4.0356,4.0389,3.95,3.9861,31366.58
1669392000000,3.9812,4.0176,3.9399,4.0103,50794.59
1669395600000,4.011,4.0352,4,4.012,17085.32
1669399200000,4.0119,4.0289,3.9903,4.002,12618.15
1669402800000,4.0049,4.0227,3.9881,3.9915,12522.88
1669406400000,3.9874,4.0266,3.9838,4.0229,15317.05
1669410000000,4.0224,4.0229,3.994,4.0036,9777.11
1669413600000,4.0132,4.23,3.9785,4.2111,128739.47
1669417200000,4.2112,4.25,4.1319,4.1396,96076.55
1669420800000,4.1452,4.1797,4.1015,4.1432,47434.34
1669424400000,4.1504,4.1733,4.0946,4.1478,26772.94
1669428000000,4.1485,4.1695,4.1151,4.14,28637.76
1669431600000,4.1434,4.1567,4.0922,4.1014,20426.3
1669435200000,4.107,4.16,4.1,4.157,20909.87
1669438800000,4.1504,4.165,4.1166,4.1236,14439.53
1669442400000,4.1179,4.2393,4.1108,4.1655,70663.24
1669446000000,4.155,4.254,4.1329,4.1911,48730.23
1669449600000,4.1849,4.1995,4.1001,4.1175,33274.33
1669453200000,4.1194,4.1418,4.0977,4.1371,20409.43
1669456800000,4.1344,4.1566,4.1086,4.138,13954.2
1669460400000,4.138,4.177,4.1198,4.1463,16579.52
1669464000000,4.1427,4.1779,4.1241,4.1315,15187.16
1669467600000,4.1263,4.1481,4.1003,4.1073,11150.19
1669471200000,4.1125,4.1302,4.08,4.1034,21484.31
1669474800000,4.1004,4.1077,3.9836,4.0349,144255.91
1669478400000,4.0344,4.0603,4.0216,4.0309,24089.95
1669482000000,4.0367,4.0462,4.0021,4.0283,15770.92
1669485600000,4.0248,4.082,4.0088,4.0445,36688.6
1669489200000,4.0409,4.081,4.0067,4.015,33661.1
1669492800000,4.0098,4.0197,3.9828,3.993,21366.31
1669496400000,3.9884,4.022,3.9825,3.9911,27299.46
1669500000000,3.9896,3.9952,3.9534,3.972,22036.78
1669503600000,3.9725,3.9923,3.9458,3.9807,25127.89
1669507200000,3.9757,3.9809,3.9211,3.9492,31171.74
1669510800000,3.948,3.9951,3.9389,3.9712,14349.69
1669514400000,3.9742,3.9936,3.9327,3.9482,16208.75
1669518000000,3.9446,3.9858,3.9227,3.9772,18963.97
1669521600000,3.9771,4.0114,3.9719,3.9845,17229.33
1669525200000,3.9825,3.9935,3.9535,3.9667,8969.83
1669528800000,3.9636,3.9999,3.9622,3.9638,13932.57
1669532400000,3.9638,3.9798,3.95,3.9607,19827.36
1669536000000,3.9607,3.9753,3.9531,3.9652,16020.06
1669539600000,3.9673,3.9707,3.9515,3.9624,16902.87
1669543200000,3.9624,3.9663,3.94,3.94,13138.11
1669546800000,3.9403,3.9589,3.9285,3.9584,12746.34
1669550400000,3.9584,3.9845,3.9302,3.9708,23843.6
1669554000000,3.9696,4.0574,3.9597,3.9705,57197.66
1669557600000,3.9772,4,3.9519,3.9671,24034.1
1669561200000,3.9738,4.0051,3.9509,3.9726,20058.01
1669564800000,3.9802,3.998,3.944,3.9856,24897.22
1669568400000,3.9803,3.9911,3.9672,3.9831,11052.31
1669572000000,3.9885,3.9916,3.9726,3.987,7884.58
1669575600000,3.987,3.9992,3.9658,3.9754,18076.18
1669579200000,3.9804,3.9925,3.96,3.9804,12543.34
1669582800000,3.983,4.0341,3.969,4.0006,18620.11
1669586400000,4.0036,4.0093,3.9706,4.003,15315.67
1669590000000,4.0005,4.0005,3.8857,3.9087,50325.41
1669593600000,3.8994,3.9384,3.8913,3.8953,13752.86
1669597200000,3.8903,3.8936,3.7101,3.719,63017.78
1669600800000,3.7117,3.735,3.6649,3.711,43112.53
1669604400000,3.7027,3.7455,3.6001,3.7274,101148.62
1669608000000,3.725,3.7531,3.6992,3.7454,24221.22
1669611600000,3.749,3.784,3.7488,3.7567,13900.48
1669615200000,3.7519,3.8666,3.7473,3.8589,38635.35
1669618800000,3.849,3.9719,3.8212,3.9674,54336.66
1669622400000,3.9707,3.9787,3.8426,3.8601,35913.16
1669626000000,3.8604,3.8771,3.8213,3.8393,32096.62
1669629600000,3.8418,3.8784,3.8062,3.8271,38273.03
1669633200000,3.8298,3.8616,3.7586,3.8011,21357.15
1669636800000,3.8011,3.8281,3.7747,3.8027,20303.92
1669640400000,3.8026,3.8186,3.7911,3.7977,12928.22
1669644000000,3.7947,3.8554,3.7723,3.8468,41629.92
1669647600000,3.8448,3.86,3.7531,3.7706,46037.27
1669651200000,3.7766,3.8267,3.6763,3.7936,71625.18
1669654800000,3.7911,3.8279,3.7554,3.7785,26048.36
1669658400000,3.7775,3.8083,3.76,3.7781,11520.85
1669662000000,3.7796,3.8269,3.7726,3.7984,18711.62
1669665600000,3.8007,3.8559,3.7963,3.83,17907.61
1669669200000,3.831,3.8322,3.7903,3.8034,16290.66
1669672800000,3.8023,3.8176,3.7866,3.8039,7410.78
1669676400000,3.8086,3.8257,3.7958,3.8215,9588.71
1669680000000,3.8251,3.87,3.7868,3.8384,72261.81
1669683600000,3.8333,3.8973,3.8116,3.8448,29791.2
1669687200000,3.8511,3.9143,3.8468,3.8624,34637.1
1669690800000,3.8694,3.8943,3.8427,3.8432,15113.5
1669694400000,3.8514,3.8901,3.8451,3.857,17785.19
1669698000000,3.8522,3.8743,3.8306,3.8402,21555.06
1669701600000,3.8358,3.8661,3.8276,3.8404,17144.91
1669705200000,3.8412,3.8609,3.8223,3.8367,10354.45
1669708800000,3.8368,3.8707,3.8315,3.8501,24969.97
1669712400000,3.8554,3.8647,3.8403,3.8606,7101.22
1669716000000,3.8606,3.8791,3.8395,3.8509,11891.53
1669719600000,3.8531,3.87,3.8239,3.8281,22879.83
1669723200000,3.8352,3.8464,3.7981,3.8122,36314.17
1669726800000,3.8117,3.8268,3.7618,3.8159,36003.46
1669730400000,3.8169,3.8799,3.8057,3.8236,42284.69
1669734000000,3.8164,3.8437,3.807,3.8199,16105.46
1669737600000,3.8192,3.86,3.7868,3.8376,28902.94
1669741200000,3.8359,3.8443,3.8092,3.8217,7460.5
1669744800000,3.8217,3.8347,3.8001,3.8156,10541.89
1669748400000,3.8162,3.828,3.8003,3.8078,6940.08
1669752000000,3.8078,3.8303,3.8025,3.81,8912.76
1669755600000,3.8184,3.8296,3.788,3.8036,12500.28
1669759200000,3.8049,3.835,3.8024,3.8152,6585.9
1669762800000,3.8196,3.8388,3.7941,3.8031,11620.71
1669766400000,3.801,3.86,3.801,3.8517,32177.25
1669770000000,3.8518,3.865,3.8233,3.8526,22350.79
1669773600000,3.8527,3.8799,3.8379,3.8487,16894.09
1669777200000,3.8484,3.8579,3.814,3.8192,15949.33
1669780800000,3.8165,3.8402,3.8127,3.8285,7799.13
1669784400000,3.8371,3.8399,3.8236,3.8367,4379.47
1669788000000,3.8357,3.8644,3.8255,3.8255,12281.58
1669791600000,3.8298,3.8596,3.8296,3.8522,13135.8
1669795200000,3.8462,3.8799,3.8319,3.8453,19012.9
1669798800000,3.848,3.8651,3.8359,3.8484,11677.56
1669802400000,3.8481,3.8536,3.8316,3.8319,10487.64
1669806000000,3.8355,3.8467,3.8226,3.8277,13741.11
1669809600000,3.8325,3.8383,3.8052,3.8213,17194.68
1669813200000,3.8216,3.8492,3.817,3.8361,14879.16
1669816800000,3.8362,3.8651,3.82,3.8243,18840.15
1669820400000,3.825,3.8525,3.8158,3.8482,19261.57
1669824000000,3.843,3.8519,3.76,3.8175,41677.04
1669827600000,3.8138,3.8245,3.7373,3.7829,31097.39
1669831200000,3.7793,3.8336,3.7247,3.7984,31502.87
1669834800000,3.7987,3.8485,3.78,3.7963,20342.45
1669838400000,3.7963,3.8101,3.7717,3.8045,9799.96
1669842000000,3.7997,3.8545,3.7933,3.8424,16949.27
1669845600000,3.8424,3.8424,3.8011,3.8377,16941.9
1669849200000,3.8383,3.8465,3.8173,3.8281,9089.27
1669852800000,3.8281,3.854,3.7996,3.8209,17128.33
1669856400000,3.8149,3.8265,3.7888,3.8059,9465.13
1669860000000,3.8096,3.8176,3.7906,3.8073,4486.95
1669863600000,3.8019,3.8316,3.798,3.8094,10234.73
1669867200000,3.8094,3.8112,3.7898,3.8039,9239.86
1669870800000,3.7985,3.8141,3.7731,3.7949,13180.79
1669874400000,3.8019,3.8022,3.7811,3.7873,10542.88
1669878000000,3.7873,3.8004,3.7781,3.791,14929.1
1669881600000,3.79,3.8066,3.78,3.7948,9693.95
1669885200000,3.7945,3.82,3.7839,3.8143,17433.73
1669888800000,3.8143,3.8217,3.79,3.7961,7538.24
1669892400000,3.7961,3.8112,3.7918,3.8003,8569.08
1669896000000,3.795,3.8235,3.795,3.808,10645.2
1669899600000,3.8074,3.8268,3.777,3.7939,48991.53
1669903200000,3.7877,3.8056,3.7757,3.7934,23500.68
1669906800000,3.7929,3.7929,3.7404,3.7673,24195.91
1669910400000,3.7682,3.8064,3.7561,3.7864,12223.61
1669914000000,3.7867,3.8006,3.771,3.7888,9998.9
1669917600000,3.7887,3.8332,3.7807,3.8234,28100.69
1669921200000,3.8254,3.8254,3.782,3.7861,19898.37
1669924800000,3.7873,3.8,3.7668,3.7836,8554.36
1669928400000,3.7842,3.785,3.7637,3.7767,9180.11
1669932000000,3.7778,3.7982,3.7724,3.7802,5577.93
1669935600000,3.7797,3.7976,3.7713,3.774,10036.42
1669939200000,3.7812,3.7909,3.7664,3.7779,7108.57
1669942800000,3.7774,3.7902,3.7331,3.7521,14926.08
1669946400000,3.7531,3.7619,3.7008,3.7076,24637.17
1669950000000,3.7129,3.717,3.7007,3.7167,18431.63
1669953600000,3.7131,3.76,3.7005,3.755,21995.69
1669957200000,3.7551,3.7665,3.74,3.758,13580.1
1669960800000,3.7635,3.78,3.75,3.7559,10512.6
1669964400000,3.7552,3.7648,3.742,3.7515,9380.41
1669968000000,3.7441,3.7661,3.73,3.7591,14732.62
1669971600000,3.7553,3.8365,3.7389,3.8249,32868.21
1669975200000,3.8283,3.8846,3.8037,3.8037,53275.4
1669978800000,3.8071,3.8195,3.7788,3.807,29274.02
1669982400000,3.807,3.8143,3.7817,3.7921,12127.43
1669986000000,3.7921,3.8039,3.742,3.7709,31105.04
1669989600000,3.7738,3.8169,3.7589,3.8001,13544.19
1669993200000,3.7985,3.8322,3.79,3.8142,30294.19
1669996800000,3.8142,4.1,3.8109,3.9994,323009.21
1670000400000,3.9921,4.0008,3.8479,3.8784,108186
1670004000000,3.8817,3.925,3.8494,3.8943,36100.28
1670007600000,3.8992,4.0132,3.8882,3.9471,73278.66
1670011200000,3.9453,3.9679,3.9,3.9317,32577.79
1670014800000,3.9259,3.9325,3.8558,3.9092,28770.97
1670018400000,3.9077,3.9465,3.8984,3.9423,15386.53
1670022000000,3.9362,4.0287,3.91,3.9683,83802.71
1670025600000,3.9683,4.0008,3.9446,3.975,24828.4
1670029200000,3.975,4.0262,3.9651,3.9804,20616.15
1670032800000,3.9758,4.0132,3.9343,3.9603,35278.03
1670036400000,3.9582,4.14,3.9523,4.0473,115875.37
1670040000000,4.0452,4.0538,3.9394,3.9781,64874.8
1670043600000,3.9734,3.9833,3.9404,3.9538,20428.05
1670047200000,3.9583,3.9676,3.93,3.9348,19126.35
1670050800000,3.9301,3.9658,3.9223,3.9581,21866.56
1670054400000,3.9599,3.965,3.9172,3.9259,16516.69
1670058000000,3.9246,3.9457,3.9113,3.9178,29224.04
1670061600000,3.9184,3.9266,3.8732,3.8896,28546.92
1670065200000,3.8903,3.9067,3.8651,3.8784,21616.41
1670068800000,3.8784,3.9367,3.8757,3.9025,27506.97
1670072400000,3.9059,3.9108,3.8836,3.9019,11714.15
1670076000000,3.9,3.9102,3.8786,3.8857,13551.23
1670079600000,3.8842,3.8965,3.866,3.8821,12243.05
1670083200000,3.8762,3.8821,3.8296,3.832,21355.45
1670086800000,3.8357,3.8638,3.8272,3.8576,17763.17
1670090400000,3.8576,3.865,3.8391,3.8436,6203.41
1670094000000,3.8444,3.8583,3.8251,3.838,11086.51
1670097600000,3.8375,3.8441,3.827,3.8341,3326.53
1670101200000,3.8367,3.8379,3.8063,3.8132,14577.68
1670104800000,3.8202,3.8202,3.7812,3.8051,11471.78
1670108400000,3.8044,3.8125,3.7857,3.8013,8096.93
1670112000000,3.8023,3.8526,3.799,3.8206,15708.62
1670115600000,3.8206,3.8413,3.8105,3.8331,9733.56
1670119200000,3.829,3.8493,3.8,3.8436,14077.88
1670122800000,3.8436,3.8551,3.8099,3.8315,15230.93
1670126400000,3.8356,3.8456,3.8097,3.8194,8106.28
1670130000000,3.8191,3.8238,3.8008,3.804,7028.12
1670133600000,3.8047,3.8245,3.8001,3.8209,6263.54
1670137200000,3.821,3.8918,3.8169,3.8176,38316.86
1670140800000,3.8179,3.8285,3.8,3.8133,17090.45
1670144400000,3.8141,3.846,3.8017,3.8124,19112.74
1670148000000,3.8173,3.8251,3.7964,3.8174,11323.4
1670151600000,3.8155,3.8247,3.7901,3.8011,10252.73
1670155200000,3.7956,3.801,3.784,3.7943,11305.75
1670158800000,3.7943,3.8244,3.7842,3.8193,13030.27
1670162400000,3.8193,3.8284,3.795,3.8157,9733.95
1670166000000,3.8192,3.8303,3.8115,3.8156,5620.66
1670169600000,3.8196,3.8297,3.8001,3.8226,9395.2
1670173200000,3.8229,3.88,3.8175,3.8604,50200.22
1670176800000,3.8657,3.888,3.8383,3.8537,23252.87
1670180400000,3.8578,3.8596,3.8046,3.8159,16420.43
1670184000000,3.8174,3.8333,3.8035,3.8271,10926.58
1670187600000,3.8271,3.8467,3.8102,3.8235,5691.95
1670191200000,3.8264,3.8304,3.803,3.8294,5480.32
1670194800000,3.8301,3.8498,3.8116,3.8159,4813.79
1670198400000,3.8237,3.831,3.8165,3.8249,3130.07
1670202000000,3.8201,3.8481,3.8173,3.8374,6245.46
1670205600000,3.8349,3.8483,3.825,3.825,6583.57
1670209200000,3.8318,3.8413,3.8211,3.8261,3275.02
1670212800000,3.8278,3.8475,3.8244,3.8475,4880.55
1670216400000,3.8472,3.85,3.824,3.8292,8968
1670220000000,3.8315,3.8494,3.8246,3.8426,8729.43
1670223600000,3.8449,3.8482,3.8247,3.8366,7766.64
1670227200000,3.8366,3.8681,3.8318,3.8428,16705.55
1670230800000,3.8428,3.8428,3.825,3.8357,12404.33
1670234400000,3.832,3.8566,3.8314,3.8376,9904.82
1670238000000,3.8396,3.8509,3.8354,3.8381,3334.72
1670241600000,3.838,3.8392,3.8129,3.8221,9700.1
1670245200000,3.8247,3.8298,3.8129,3.8146,6281.1
1670248800000,3.8146,3.8299,3.8001,3.8247,18592.18
1670252400000,3.8215,3.8281,3.7793,3.7997,22079.32
1670256000000,3.8008,3.8064,3.7815,3.7873,9961.71
1670259600000,3.7895,3.8031,3.7703,3.7853,29003.03
1670263200000,3.7853,3.8111,3.7801,3.803,7212.16
1670266800000,3.8024,3.8024,3.7231,3.7571,31630.02
1670270400000,3.749,3.7876,3.7385,3.7736,10077.69
1670274000000,3.7762,3.7898,3.7602,3.7759,5610.61
1670277600000,3.7759,3.8039,3.7688,3.7944,8021.65
1670281200000,3.7996,3.8095,3.7855,3.8018,3402.71
1670284800000,3.8016,3.8166,3.785,3.8036,7194.2
1670288400000,3.8032,3.8048,3.7849,3.7953,2047.57
1670292000000,3.7947,3.8329,3.755,3.7854,18445.46
1670295600000,3.7886,3.7943,3.7717,3.7717,4921.02
1670299200000,3.7726,3.7817,3.75,3.7639,4956.1
1670302800000,3.7639,3.7719,3.75,3.7529,4014.4
1670306400000,3.755,3.7678,3.7095,3.7541,20524.51
1670310000000,3.7549,3.763,3.7509,3.7601,3877.97
1670313600000,3.7584,3.7798,3.7411,3.7659,14166.55
1670317200000,3.7633,3.7761,3.7515,3.7543,10820.96
1670320800000,3.7543,3.7717,3.7448,3.7561,8021.06
1670324400000,3.7556,3.7633,3.747,3.7571,8255.03
1670328000000,3.7623,3.7773,3.75,3.7568,10693.61
1670331600000,3.7603,3.7619,3.7283,3.7383,16383.83
1670335200000,3.738,3.7523,3.721,3.7332,13781.11
1670338800000,3.7353,3.7399,3.7057,3.7299,16468.74
1670342400000,3.7292,3.7408,3.7228,3.73,3759.33
1670346000000,3.7293,3.7415,3.7,3.7349,23982.24
1670349600000,3.7345,3.8,3.7307,3.7485,60711.35
1670353200000,3.7486,3.8,3.7441,3.7903,25280.84
1670356800000,3.7903,3.8,3.7479,3.7514,20969.58
1670360400000,3.7516,3.7762,3.7516,3.7527,6824.94
1670364000000,3.7569,3.7679,3.7501,3.7526,4259.33
1670367600000,3.7567,3.7889,3.7561,3.7601,5685.46
1670371200000,3.7612,3.7728,3.7602,3.7607,2784.65
1670374800000,3.7645,3.7682,3.7349,3.7455,5491.58
1670378400000,3.7474,3.7475,3.7248,3.727,6275.88
1670382000000,3.729,3.732,3.7162,3.7209,5782.97
1670385600000,3.7207,3.7312,3.7155,3.729,5311.65
1670389200000,3.7287,3.7346,3.72,3.7211,6431.37
1670392800000,3.72,3.7232,3.701,3.7054,7934.58
1670396400000,3.7013,3.7036,3.512,3.579,86900.77
1670400000000,3.578,3.6407,3.574,3.6246,15877.34
1670403600000,3.625,3.6288,3.6098,3.6252,12539.46
1670407200000,3.6252,3.6276,3.5819,3.6162,29582.74
1670410800000,3.6191,3.629,3.5762,3.605,16441.13
1670414400000,3.6047,3.6187,3.5738,3.6065,18132.24
1670418000000,3.6053,3.6245,3.5838,3.6029,9616.42
1670421600000,3.6028,3.6224,3.5868,3.5971,13817.9
1670425200000,3.5971,3.69,3.5566,3.6015,78487.15
1670428800000,3.6026,3.6678,3.5883,3.6029,79951.12
1670432400000,3.6029,3.6698,3.5877,3.6085,54031.65
1670436000000,3.6083,3.611,3.5574,3.5904,22266.62
1670439600000,3.5942,3.6006,3.5878,3.5918,4296.19
1670443200000,3.5929,3.6005,3.5824,3.5931,8242.37
1670446800000,3.5907,3.5948,3.5844,3.5924,1706.51
1670450400000,3.5885,3.595,3.5684,3.5767,8330.01
1670454000000,3.5752,3.5953,3.5752,3.5908,4980.93
1670457600000,3.5935,3.6062,3.5452,3.55,26706.08
1670461200000,3.5486,3.5532,3.5272,3.532,10047.94
1670464800000,3.5323,3.5634,3.5273,3.5505,11085.4
1670468400000,3.5472,3.5562,3.543,3.5493,5687.26
1670472000000,3.553,3.5619,3.5492,3.5563,5751.4
1670475600000,3.5583,3.5828,3.5446,3.5523,13031.44
1670479200000,3.5523,3.5836,3.536,3.579,8559.73
1670482800000,3.5757,3.617,3.5757,3.6081,11991.8
1670486400000,3.607,3.6074,3.5855,3.5924,5863.08
1670490000000,3.5926,3.62,3.57,3.5716,6839.71
1670493600000,3.5748,3.601,3.5517,3.5618,24326.92
1670497200000,3.5618,3.58,3.5262,3.5767,19853.71
1670500800000,3.5744,3.5982,3.5686,3.5797,6609.26
1670504400000,3.5781,3.5982,3.5755,3.5905,6932.95
1670508000000,3.5868,3.5933,3.5558,3.5665,8770.43
1670511600000,3.5653,3.5832,3.557,3.5753,21416.07
1670515200000,3.5756,3.5819,3.5628,3.5725,3970.54
1670518800000,3.5691,3.5875,3.5691,3.5842,4748.91
1670522400000,3.5793,3.6162,3.5792,3.6084,14656.78
1670526000000,3.6123,3.62,3.5899,3.6127,8472.45
1670529600000,3.6128,3.6335,3.559,3.5954,47860.28
1670533200000,3.5979,3.7026,3.5507,3.595,194983.85
1670536800000,3.5972,3.6058,3.5906,3.5986,5846.32
1670540400000,3.6003,3.6057,3.5957,3.6052,2300.03
1670544000000,3.6049,3.6069,3.5905,3.5905,2114.32
1670547600000,3.5932,3.6139,3.593,3.595,4765.29
1670551200000,3.5966,3.6075,3.595,3.6036,2432.14
1670554800000,3.6044,3.6075,3.5801,3.5818,5565.58
1670558400000,3.585,3.5943,3.58,3.5801,5464.51
1670562000000,3.5801,3.5859,3.58,3.5807,5178.23
1670565600000,3.5806,3.6103,3.5783,3.5996,22722.51
1670569200000,3.5996,3.6083,3.5918,3.5919,6745.73
1670572800000,3.5919,3.6002,3.5795,3.5935,14274.53
1670576400000,3.5929,3.6151,3.5881,3.6117,11072.63
1670580000000,3.611,3.6957,3.5912,3.6189,110772.14
1670583600000,3.6191,3.6246,3.6156,3.6227,5603.13
1670587200000,3.6193,3.6683,3.6132,3.6293,21842.94
1670590800000,3.6284,3.6289,3.5855,3.6089,14442.47
1670594400000,3.6087,3.6157,3.5876,3.5962,4290.28
1670598000000,3.6011,3.6161,3.5934,3.6149,4241.46
1670601600000,3.6149,3.6157,3.6015,3.6157,2013.49
