open_date,close_date,position,open_reason,close_reason,open_price,close_price,open_fee,close_fee,open_trade_size,close_trade_size,wallet,trade_result,trade_result_pct,trade_result_pct_wallet,wallet_ath,drawdown,drawdown_pct
2019-10-29 20:00:00,2019-10-30 11:00:00,LONG,Market,Market,191.07,183.2,0.51,0.4887441758517821,999.49,957.833169259015,957.833169259015,-42.16683074098501,-0.04218834679785192,-0.046050432310562356,957.833169259015,0.0,0.0
2019-11-04 11:00:00,2019-11-07 12:00:00,LONG,Market,Market,184.83,186.39,0.4884949163220977,0.4923666702584786,957.3446743426929,964.9324769738172,964.9324769738172,7.099307714802207,0.0074156235523810165,0.007303575692307633,964.9324769738172,0.0,0.0
2019-11-14 19:00:00,2019-11-17 10:00:00,SHORT,Market,Market,183.66,183.71,0.4921155632566468,0.49173067802941545,964.4403614105605,963.6860693796478,963.6860693796478,-1.2464075941693125,-0.0012923635758527935,-0.0012950501144736995,964.9324769738172,1.2464075941693409,0.001291704470429138
2019-11-18 18:00:00,2019-11-26 03:00:00,SHORT,Market,Market,178.67,149.47,0.4914798953836204,0.5715107306834273,963.1945894842643,1120.0377651191739,1120.0377651191739,156.35169573952595,0.16232617733374455,0.12249528888646517,1120.0377651191739,0.0,0.0
2019-12-04 00:00:00,2019-12-04 13:00:00,SHORT,Market,Market,144.52,149.95,0.5712192602107787,0.5494766603265765,1119.4665458589632,1076.855739666294,1076.855739666294,-43.18202545287987,-0.038573752482926084,-0.041775296071778045,1120.0377651191739,43.18202545287977,0.03855407986915971
2019-12-10 15:00:00,2019-12-14 01:00:00,SHORT,Market,Market,145.14,144.91,0.54919642722981,0.5497861920713656,1076.3065432390642,1077.4623551243317,1077.4623551243317,0.6066154580376297,0.0005636084457984115,0.0005626870586117863,1120.0377651191739,42.575409994842175,0.03801247718670636
2019-12-14 15:00:00,2019-12-20 14:00:00,SHORT,Market,Market,141.7,128.55,0.5495058011134092,0.6001946147214338,1076.9128493232183,1176.25199111358,1176.25199111358,98.78963598924832,0.09173410462260924,0.07747953783573312,1176.25199111358,0.0,0.0
2020-01-02 16:00:00,2020-01-03 08:00:00,SHORT,Market,Market,127.6,132.15,0.5998885154679259,0.5782024727632902,1175.6521025981122,1133.152136278786,1133.152136278786,-43.0998548347941,-0.03666038170607301,-0.03953925473895595,1176.25199111358,43.09985483479409,0.036641684911402905
2020-01-03 17:00:00,2020-01-08 16:00:00,LONG,Market,Market,133.97,138.81,0.5779075895021809,0.5984805600434675,1132.5742286892837,1172.8928136428337,1172.8928136428337,39.74067736404786,0.03508880597613397,0.03277220830429987,1176.25199111358,3.3591774707463173,0.002855831485195719
2020-01-14 03:00:00,2020-01-19 11:00:00,LONG,Market,Market,148.94,166.62,0.5981753349578453,0.6688407657028181,1172.2946383078759,1310.7836410045288,1310.7836410045288,137.8908273616951,0.11762471895353094,0.09518413582397478,1310.7836410045288,0.0,0.0
2020-01-26 23:00:00,2020-02-04 09:00:00,LONG,Market,Market,167.86,185.64,0.6684996569123097,0.7389311638763463,1310.1151413476166,1448.145703887783,1448.145703887783,137.36206288325403,0.10484732108504603,0.08663600756935962,1448.145703887783,0.0,0.0
2020-02-05 10:00:00,2020-02-10 08:00:00,LONG,Market,Market,195.19,220.94,0.7385543089827693,0.8355600654247117,1447.4071495788003,1637.5175093947942,1637.5175093947942,189.37180550701112,0.13083520111263708,0.10365806180063503,1637.5175093947942,0.0,0.0
2020-02-11 16:00:00,2020-02-15 17:00:00,LONG,Market,Market,231.54,262.84,0.835133929791345,0.9475453646855097,1636.682375465003,1856.9845422539606,1856.9845422539606,219.46703285916638,0.1340926230703822,0.10569330654735332,1856.9845422539606,0.0,0.0
2020-02-23 23:00:00,2020-02-24 18:00:00,LONG,Market,Market,274.48,262.41,0.94706211654952,0.9049541880394114,1856.0374801374112,1773.515022359826,1773.515022359826,-83.46951989413478,-0.04497189350290229,-0.04938891868435315,1856.9845422539606,83.46951989413469,0.04494895783721577
2020-02-25 23:00:00,2020-03-02 11:00:00,SHORT,Market,Market,246.67,224.7,0.9044926614035113,0.9845501571981755,1772.6105296984224,1929.50595415295,1929.50595415295,155.99093179312402,0.08800067988971218,0.07479796917671233,1929.50595415295,0.0,0.0
2020-03-07 15:00:00,2020-03-08 01:00:00,LONG,Market,Market,246.83,232.69,0.9840480366180046,0.9272023611005418,1928.5219061163318,1817.1166429340792,1817.1166429340792,-112.38931121887062,-0.058277435616586194,-0.065928027977231,1929.50595415295,112.38931121887072,0.058247714124421784
2020-03-08 15:00:00,2020-03-18 23:00:00,SHORT,Market,Market,216.73,118.11,0.9267294878963804,1.3477372744644465,1816.1899134461828,2641.2743695185673,2641.2743695185673,824.157726584488,0.4537838914767816,0.23782250055087478,2641.2743695185673,0.0,0.0
2020-03-27 23:00:00,2020-03-30 11:00:00,SHORT,Market,Market,131.33,133.43,1.3470499284544695,1.3248342483090036,2639.927319590113,2596.3893781222864,2596.3893781222864,-44.88499139628085,-0.017002358763138183,-0.017591579160040397,2641.2743695185673,44.88499139628084,0.016993687560168978
2020-04-01 23:00:00,2020-04-10 03:00:00,LONG,Market,Market,135.69,163.37,1.324158582842366,1.5934664345732266,2595.065219539444,3122.8505229246944,3122.8505229246944,526.4611448024078,0.20287010162150793,0.14426313582865427,3122.8505229246944,0.0,0.0
2020-04-16 07:00:00,2020-04-20 11:00:00,LONG,Market,Market,164.55,175.78,1.5926537666915943,1.7004794968259058,3121.257869158003,3332.5730436912245,3332.5730436912245,209.72252076652998,0.06719166744883695,0.059205257424258376,3332.5730436912245,0.0,0.0
2020-04-23 14:00:00,2020-04-27 17:00:00,LONG,Market,Market,189.25,191.94,1.6996122522825245,1.7228914223487408,3330.873431438942,3376.4955837712605,3376.4955837712605,43.92254008003584,0.013186493267941806,0.012841278022050786,3376.4955837712605,0.0,0.0
2020-04-29 05:00:00,2020-05-03 12:00:00,LONG,Market,Market,199.32,212.76,1.722012747723343,1.8371893474573229,3374.773571023537,3600.4948644904302,3600.4948644904302,223.99928071916992,0.06637461032718502,0.05856964926975819,3600.4948644904302,0.0,0.0
2020-05-07 18:00:00,2020-05-10 00:00:00,LONG,Market,Market,212.63,192.38,1.8362523808901197,1.6605280126830317,3598.65861210954,3254.276751757967,3254.276751757967,-346.21811273246345,-0.09620754565810559,-0.11905472196684516,3600.4948644904302,346.2181127324634,0.09615847980981994
2020-05-14 19:00:00,2020-05-15 19:00:00,LONG,Market,Market,203.47,194.76,1.6596811433965633,1.5878244819539775,3252.6170706145704,3111.7935126827074,3111.7935126827074,-142.48323907525955,-0.04380572197155008,-0.04798529824980367,3600.4948644904302,488.70135180772286,0.13573171750014082
2020-05-17 12:00:00,2020-05-20 15:00:00,LONG,Market,Market,206.89,207.95,1.5870146914681809,1.5943322298864706,3110.2064979912393,3124.5472949984874,3124.5472949984874,12.753782315779876,0.004100622361896886,0.004065208279817995,3600.4948644904302,475.9475694919429,0.13218948711354506
2020-05-26 15:00:00,2020-05-27 10:00:00,SHORT,Market,Market,197.63,206.26,1.5935191204492287,1.5231569825273699,3122.953775878038,2985.05916169859,2985.05916169859,-139.48813329989736,-0.04466544922224454,-0.0490193820178133,3600.4948644904302,615.4357027918404,0.17093086532674215
2020-05-28 12:00:00,2020-06-02 14:00:00,LONG,Market,Market,209.86,234.33,1.5223801724662809,1.6990251060119053,2983.5367815261234,3329.7227513879197,3329.7227513879197,344.6635896893301,0.11552181686629971,0.09380167399280127,3600.4948644904302,270.7721131025105,0.07520413812361659
2020-06-08 23:00:00,2020-06-11 13:00:00,LONG,Market,Market,246.4,240.85,1.6981586032078393,1.659062129942455,3328.024592784712,3251.403937757224,3251.403937757224,-78.31881363069567,-0.023533123463238204,-0.0246822289875551,3600.4948644904302,349.0909267332063,0.09695637401849547
2020-06-11 16:00:00,2020-06-16 09:00:00,SHORT,Market,Market,226.31,234.0,1.6582160082561843,1.6010529757468397,3249.7457217489678,3137.718507312174,3137.718507312174,-113.68543044504985,-0.03498286948551345,-0.03759397716734868,3600.4948644904302,462.77635717825615,0.12853131988670446
2020-06-20 14:00:00,2020-06-21 05:00:00,SHORT,Market,Market,227.1,230.66,1.600236438729209,1.5743479432771268,3136.118270873445,3085.3824035805005,3085.3824035805005,-52.33610373167369,-0.016688179211142278,-0.017255293377579573,3600.4948644904302,515.1124609099297,0.14306712835232233
2020-06-23 07:00:00,2020-06-24 14:00:00,LONG,Market,Market,244.15,235.65,1.5735450258260555,1.5179880169338056,3083.8088585546743,2974.9291040101357,2974.9291040101357,-110.45329957036468,-0.03581716787146534,-0.03855969018805063,3600.4948644904302,625.5657604802946,0.1737443834873597
2020-06-27 19:00:00,2020-06-29 20:00:00,SHORT,Market,Market,217.84,227.47,1.5172138430451694,1.4494031661878528,2973.4118901670904,2840.5175893590135,2840.5175893590135,-134.41151465112205,-0.04520447203954943,-0.049669713950747846,3600.4948644904302,759.9772751314167,0.21107578367257984
2020-07-06 06:00:00,2020-07-10 04:00:00,LONG,Market,Market,232.57,237.11,1.448663970573097,1.4761901052518172,2839.06892538844,2893.014212349291,2893.014212349291,52.496622990277714,0.018490788483796726,0.01782258695518454,3600.4948644904302,707.4806521411392,0.19649539265243954
2020-07-13 11:00:00,2020-07-13 19:00:00,LONG,Market,Market,244.62,238.42,1.4754372482981386,1.4373082500506302,2891.538775100993,2816.8141624374593,2816.8141624374593,-76.2000499118318,-0.026352767795469162,-0.02780400551962758,3600.4948644904302,783.6807020529709,0.217659163961586
2020-07-16 18:00:00,2020-07-18 20:00:00,SHORT,Market,Market,233.02,236.15,1.4365752228431043,1.4165558677265118,2815.377587214616,2776.143969086218,2776.143969086218,-40.670193351241224,-0.014445733153497942,-0.014867696306214383,3600.4948644904302,824.3508954042122,0.22895488715573567
2020-07-19 23:00:00,2020-07-30 01:00:00,LONG,Market,Market,239.11,316.43,1.4158334242339712,1.872709983787529,2774.728135661984,3670.1076503839163,3670.1076503839163,893.9636812976981,0.32218063809859326,0.19586978737431798,3670.1076503839163,0.0,0.0
2020-07-30 18:00:00,2020-08-07 14:00:00,LONG,Market,Market,330.25,384.91,1.8717549016957975,2.1804382923552805,3668.2358954822203,4273.188762404273,4273.188762404273,603.0811120203568,0.16440630570217915,0.12367672986752333,4273.188762404273,0.0,0.0
2020-08-13 20:00:00,2020-08-17 04:00:00,LONG,Market,Market,409.88,422.52,2.179326268826179,2.245387241503694,4271.009436135447,4400.474694138288,4400.474694138288,127.28593173401526,0.02980230637214135,0.028112336815397074,4400.474694138288,0.0,0.0
2020-08-21 21:00:00,2020-08-24 07:00:00,SHORT,Market,Market,388.54,398.44,2.244242094010527,2.1859434008458414,4398.230452044278,4283.977587669431,4283.977587669431,-116.497106468857,-0.02648726749065858,-0.02795384573350091,4400.474694138288,116.49710646885706,0.02647375898423836
2020-08-25 16:00:00,2020-08-28 06:00:00,SHORT,Market,Market,375.0,390.97,2.18482856971141,2.0907171938474187,4281.79275909972,4097.354760938346,4097.354760938346,-186.6228267310852,-0.04358520769938527,-0.047720690108849224,4400.474694138288,303.11993319994235,0.06888346241457026
2020-08-29 07:00:00,2020-09-02 14:00:00,LONG,Market,Market,403.32,430.86,2.0896509280785565,2.2312005898604137,4095.265110010267,4372.6719167835,4372.6719167835,275.3171558451542,0.06722816434330035,0.05923360652168005,4400.474694138288,27.802777354788304,0.006318131403374134
2020-09-03 16:00:00,2020-09-09 09:00:00,SHORT,Market,Market,391.88,346.47,2.230062677559585,2.4872072174512945,4370.44185410594,4874.389689745871,4874.389689745871,501.7177729623708,0.11479795171991987,0.09332361312391399,4874.389689745871,0.0,0.0
2020-09-17 18:00:00,2020-09-20 08:00:00,LONG,Market,Market,386.98,379.8,2.4859387417703944,2.4385705017365042,4871.903751004101,4779.072217216899,4779.072217216899,-95.3174725289722,-0.019564728163877877,-0.020350654063831238,4874.389689745871,95.31747252897185,0.01955475015251423
2020-09-21 07:00:00,2020-09-24 16:00:00,SHORT,Market,Market,369.78,346.55,2.4373268307806186,2.5891213476067674,4776.634890386118,5074.119403371545,5074.119403371545,295.047186154646,0.06176883787967222,0.05495213851814623,5074.119403371545,0.0,0.0
2020-09-28 12:00:00,2020-09-29 03:00:00,LONG,Market,Market,363.92,353.13,2.587800895719488,2.5097935725955343,5071.531602475825,4918.654074261785,4918.654074261785,-155.46532910975904,-0.030654512540918374,-0.032638918469899324,5074.119403371545,155.4653291097593,0.030638878739522556
2020-10-01 08:00:00,2020-10-01 16:00:00,LONG,Market,Market,367.12,350.11,2.5085135778735106,2.391064987873264,4916.145560683912,4685.971656332252,4685.971656332252,-232.6824179295335,-0.04733025396773723,-0.052249563294251865,5074.119403371545,388.1477470392929,0.07649558794012308
2020-10-01 17:00:00,2020-10-04 18:00:00,SHORT,Market,Market,346.25,351.05,2.3898455447294484,2.355513631016993,4683.581810787522,4616.298664833675,4616.298664833675,-69.6729914985769,-0.014876006081094103,-0.01532410990136989,5074.119403371545,457.82073853787006,0.09022663878064574
2020-10-06 19:00:00,2020-10-08 14:00:00,SHORT,Market,Market,340.38,349.46,2.354312319065174,2.290339854380181,4613.94435251461,4488.572119714602,4488.572119714602,-127.7265451190728,-0.027682723362162258,-0.029289398795305767,5074.119403371545,585.5472836569425,0.1153987987093623
2020-10-09 11:00:00,2020-10-14 15:00:00,LONG,Market,Market,359.02,375.84,2.2891717810544474,2.3951967506188674,4486.282947933548,4694.069020149121,4694.069020149121,205.4969004345184,0.04580560406453487,0.04194185847591158,5074.119403371545,380.050383222424,0.07489977137114591
2020-10-19 15:00:00,2020-10-20 11:00:00,LONG,Market,Market,383.53,367.99,2.393975200276052,2.2958038351452825,4691.6750449488445,4499.280343508545,4499.280343508545,-194.78867664057535,-0.041517938641187205,-0.04525242275176881,5074.119403371545,574.8390598629994,0.11328843769049707
2020-10-21 13:00:00,2020-10-25 15:00:00,LONG,Market,Market,384.75,406.01,2.294632975189358,2.420191802079689,4496.985710533356,4743.0539299228,4743.0539299228,243.77358641425513,0.0542082190395359,0.048883500705737805,5074.119403371545,331.06547344874434,0.0652458972937777
2020-11-01 20:00:00,2020-11-02 08:00:00,LONG,Market,Market,394.28,384.33,2.418957504260628,2.3567104643002557,4740.634972418539,4618.644199928357,4618.644199928357,-124.40972999444291,-0.026243262921163607,-0.027682073738416305,5074.119403371545,455.47520344318764,0.0897643841689147
2020-11-03 03:00:00,2020-11-03 22:00:00,SHORT,Market,Market,374.31,387.75,2.355508541963462,2.269773318989367,4616.288691386393,4448.266146268004,4448.266146268004,-170.3780536603522,-0.036908015302046286,-0.039827608850912154,5074.119403371545,625.8532571035403,0.12334224076155685
2020-11-04 16:00:00,2020-11-09 15:00:00,LONG,Market,Market,401.25,437.71,2.268615734596682,2.473493745385138,4445.997530533407,4847.514242303905,4847.514242303905,399.2480960359011,0.08979944169874547,0.0760941834773923,5074.119403371545,226.60516106763953,0.044659012343515145
2020-11-11 16:00:00,2020-11-12 17:00:00,LONG,Market,Market,470.16,453.15,2.4722322635749916,2.38157372233577,4845.04201004033,4667.3708230144675,4667.3708230144675,-180.1434192894373,-0.037180981901937686,-0.04014581902844793,5074.119403371545,406.7485803570771,0.0801614128526044
2020-11-13 22:00:00,2020-11-14 09:00:00,LONG,Market,Market,476.3,456.09,2.3803591197373786,2.278195056362904,4664.99046389473,4464.7709350669775,4464.7709350669775,-202.59988794748998,-0.04342986111451606,-0.04753443390884406,5074.119403371545,609.3484683045672,0.12008950122452382
2020-11-17 16:00:00,2020-11-25 21:00:00,LONG,Market,Market,481.48,578.87,2.2770331768841587,2.7362174149360934,4462.493901890093,5362.395968734267,5362.395968734267,897.6250336672894,0.20114874180267214,0.1433900993819238,5362.395968734267,0.0,0.0
2020-11-29 23:00:00,2020-12-04 10:00:00,LONG,Market,Market,576.3,593.25,2.734821944054476,2.8138221020648615,5359.661146790212,5514.484417240801,5514.484417240801,152.08844850653452,0.028376504473163772,0.02683958225012189,5514.484417240801,0.0,0.0
2020-12-13 07:00:00,2020-12-20 16:00:00,LONG,Market,Market,579.02,647.0,2.812387052792809,3.1409734029932252,5511.672030188009,6155.630405015096,6155.630405015096,641.1459877742942,0.11632513405417994,0.09433089316495354,6155.630405015096,0.0,0.0
2020-12-23 22:00:00,2020-12-24 23:00:00,SHORT,Market,Market,584.94,612.31,3.139371506557699,2.990950622341115,6152.491033508538,5861.618112791609,5861.618112791609,-294.0122922234867,-0.04778752063549492,-0.052807670244422136,6155.630405015096,294.01229222348684,0.047763148999970834
2020-12-26 16:00:00,2021-01-01 08:00:00,LONG,Market,Market,647.6,730.07,2.989425237523721,3.3684011942874177,5858.628687554085,6601.339822898688,6601.339822898688,739.7217101070788,0.126261920588776,0.10076495160560285,6601.339822898688,0.0,0.0
2021-01-02 12:00:00,2021-01-11 00:00:00,LONG,Market,Market,752.38,1218.8,3.366683309678331,5.450996740863464,6597.973139589009,10682.777906912987,10682.777906912987,4081.438084014299,0.6185896786279632,0.27644123375886476,10682.777906912987,0.0,0.0
2021-01-15 02:00:00,2021-01-18 03:00:00,LONG,Market,Market,1239.62,1194.07,5.448216732525624,5.245344800994199,10677.32969018046,10279.744461069984,10279.744461069984,-403.0334458430022,-0.03774665178819541,-0.04080644307823153,10682.777906912987,403.0334458430025,0.03772740099578345
2021-01-19 01:00:00,2021-01-20 11:00:00,LONG,Market,Market,1316.9,1265.39,5.2426696751456925,5.0350356360579305,10274.501791394838,9867.583858595177,9867.583858595177,-412.16060247480647,-0.04011489908153033,-0.04358986280260065,10682.777906912987,815.1940483178096,0.07630918244497858
2021-01-24 23:00:00,2021-01-26 12:00:00,LONG,Market,Market,1392.51,1272.83,5.03246776788354,4.597603720089062,9862.551390827293,9010.311651356502,9010.311651356502,-857.2722072386749,-0.08692195084894407,-0.10514756038095352,10682.777906912987,1672.4662555564846,0.15655724289411713
2021-01-29 12:00:00,2021-01-31 14:00:00,LONG,Market,Market,1419.72,1331.12,4.595258942191816,4.306286798930756,9005.71639241431,8439.39331894765,8439.39331894765,-570.9183324088513,-0.06339510456822145,-0.07255768536921893,10682.777906912987,2243.3845879653363,0.21000011490584378
2021-02-02 07:00:00,2021-02-07 01:00:00,LONG,Market,Market,1415.0,1642.16,4.304090592663302,4.992509346212063,8435.089228354987,9784.241502834302,9784.241502834302,1344.8481838866514,0.1594349683185182,0.12084080744638999,10682.777906912987,898.5364040786844,0.08411074459361624
2021-02-09 08:00:00,2021-02-15 01:00:00,LONG,Market,Market,1803.0,1753.35,4.989963166445494,4.850077565396054,9779.251539667857,9505.105933015102,9505.105933015102,-279.1355698192008,-0.02854365374353397,-0.030255415834926597,10682.777906912987,1177.6719738978845,0.11024023752621454
2021-02-18 00:00:00,2021-02-20 22:00:00,LONG,Market,Market,1869.53,1894.23,4.847604025837702,4.909145031428157,9500.258328989265,9620.865426396329,9620.865426396329,115.75949338122673,0.012184878491987535,0.011889078026009796,10682.777906912987,1061.9124805166575,0.09940415215685407
2021-02-23 00:00:00,2021-03-01 09:00:00,SHORT,Market,Market,1760.04,1504.17,4.906641367462128,5.6170898456325125,9615.958785028866,11008.284568257332,11008.284568257332,1387.4191418610033,0.14428297509147844,0.1119274205246197,11008.284568257332,0.0,0.0
2021-03-07 07:00:00,2021-03-11 07:00:00,LONG,Market,Market,1684.54,1766.37,5.614225129811239,5.883945335305175,11002.67034312752,11531.263770949352,11531.263770949352,522.9792026920207,0.04753202507959203,0.04338548707169771,11531.263770949352,0.0,0.0
2021-03-13 11:00:00,2021-03-15 06:00:00,LONG,Market,Market,1871.8,1811.99,5.88094452318417,5.69012608083371,11525.382826426168,11151.419836338204,11151.419836338204,-379.84393461114865,-0.03295716422887204,-0.0352635434291696,11531.263770949352,379.84393461114814,0.03294035607511527
2021-03-20 14:00:00,2021-03-20 23:00:00,LONG,Market,Market,1851.13,1806.1,5.687224116532485,5.546048582312488,11145.732612221671,10869.059014775505,10869.059014775505,-282.36082156269873,-0.02533353628572433,-0.02667128281258853,11531.263770949352,662.2047561738473,0.05742690214425031
2021-03-24 00:00:00,2021-03-26 16:00:00,SHORT,Market,Market,1654.13,1666.27,5.5432200975355075,5.499730972081199,10863.51579467797,10778.286488794975,10778.286488794975,-90.7725259805301,-0.008355722741711253,-0.008493324668052749,11531.263770949352,752.9772821543775,0.0652987649151994
2021-03-30 09:00:00,2021-04-05 04:00:00,LONG,Market,Market,1834.29,2022.72,5.496926109285438,6.058514096004534,10772.78956268569,11873.380889834452,11873.380889834452,1095.0944010394771,0.10165374480465268,0.08444280275647424,11873.380889834452,0.0,0.0
2021-04-10 04:00:00,2021-04-17 14:00:00,LONG,Market,Market,2191.18,2384.01,6.055424253815571,6.584958569095847,11867.325465580636,12905.09851024629,12905.09851024629,1031.7176204118377,0.086937669604173,0.07402821496240244,12905.09851024629,0.0,0.0
2021-04-21 14:00:00,2021-04-23 02:00:00,LONG,Market,Market,2440.76,2250.58,6.581600240225608,6.065677713308124,12898.516910006063,11887.42003465556,11887.42003465556,-1017.6784755907278,-0.07889887517232781,-0.09362490083695078,12905.09851024629,1017.6784755907283,0.07885863674598996
2021-04-27 06:00:00,2021-05-12 18:00:00,LONG,Market,Market,2560.26,4012.0,6.0625842176743365,9.495396212294834,11881.357450437887,18608.928549463846,18608.928549463846,6721.508514808285,0.5657189039927896,0.2653530413925934,18608.928549463846,0.0,0.0
2021-05-17 15:00:00,2021-05-24 12:00:00,SHORT,Market,Market,3284.75,2423.19,9.490553560226562,11.97372957940955,18599.43799590362,23465.927406517745,23465.927406517745,4856.998857053899,0.2611368611311597,0.1714864774866455,23465.927406517745,0.0,0.0
2021-05-28 20:00:00,2021-05-31 10:00:00,SHORT,Market,Market,2427.35,2554.0,11.967622977324051,11.337412359048194,23453.95978354042,22218.882899500157,22218.882899500157,-1247.0445070175874,-0.053169891929837,-0.05946281311535354,23465.927406517745,1247.0445070175883,0.05314277528495282
2021-06-03 09:00:00,2021-06-04 05:00:00,LONG,Market,Market,2874.47,2655.8,11.33163027874508,10.46425792476773,22207.55126922141,20507.68853573745,20507.68853573745,-1711.194363762707,-0.07705461727940889,-0.09103795357296306,23465.927406517745,2958.2388707802966,0.12606528689586907
2021-06-08 02:00:00,2021-06-13 18:00:00,SHORT,Market,Market,2481.39,2437.82,10.4589211532261,10.63713857664321,20497.229614584223,20846.49732542965,20846.49732542965,338.8087896922002,0.01652949184172335,0.015992631300727915,23465.927406517745,2619.430081088096,0.11162695749073782
2021-06-15 00:00:00,2021-06-16 11:00:00,LONG,Market,Market,2597.63,2460.06,10.631713635969122,10.063525049388893,20835.86561179368,19722.33853257589,19722.33853257589,-1124.15879285376,-0.0539530640962406,-0.06044456009061861,23465.927406517745,3743.588873941855,0.1595329606662833
2021-06-17 17:00:00,2021-06-24 15:00:00,SHORT,Market,Market,2314.01,1985.77,10.058392651613705,11.479308136894229,19712.280139924278,22496.96801910669,22496.96801910669,2774.629486530799,0.14075639483791638,0.10979240571997262,23465.927406517745,968.9593874110542,0.041292183795894735
2021-06-25 14:00:00,2021-06-27 22:00:00,SHORT,Market,Market,1824.6,1954.52,11.473453689744414,10.651055652943988,22485.494565416946,20873.771793256838,20873.771793256838,-1623.196225849853,-0.07218859345643902,-0.08431936074670282,23465.927406517745,2592.1556132609076,0.11046465662128176
2021-06-29 13:00:00,2021-07-01 14:00:00,LONG,Market,Market,2225.69,2093.67,10.645623614560987,10.00905593208103,20863.126169642277,19615.590810893464,19615.590810893464,-1258.1809823633744,-0.06030644555053023,-0.06853804507910358,23465.927406517745,3850.3365956242815,0.16408201256749974
2021-07-04 05:00:00,2021-07-05 23:00:00,LONG,Market,Market,2280.5,2196.53,10.003951313555667,9.630682942066766,19605.586859579907,18874.0613603261,18874.0613603261,-741.5294505673623,-0.03782235420333912,-0.04089497563041811,23465.927406517745,4591.866046191644,0.1956822744161493
2021-07-07 04:00:00,2021-07-08 00:00:00,LONG,Market,Market,2391.95,2269.41,9.625771293766313,9.127983767534436,18864.435589032335,17888.87940355489,17888.87940355489,-985.1819567712123,-0.05222430070179205,-0.0582820391735458,23465.927406517745,5577.048002962856,0.23766578266213384
2021-07-12 16:00:00,2021-07-18 00:00:00,SHORT,Market,Market,2049.75,1970.24,9.123328495812993,9.472389903351115,17879.756075059075,18563.841146079223,18563.841146079223,674.9617425243355,0.03775005317135488,0.03508335453263368,23465.927406517745,4902.086260438522,0.20890230228347806
2021-07-19 12:00:00,2021-07-21 04:00:00,SHORT,Market,Market,1814.31,1861.66,9.467558984500405,9.215771470289518,18554.373587094724,18060.924366352294,18060.924366352294,-502.91677972693043,-0.027105026066561917,-0.02864315767297095,23465.927406517745,5405.003040165451,0.23033409021218537
2021-07-26 00:00:00,2021-07-27 01:00:00,LONG,Market,Market,2259.73,2162.18,9.21107142683967,8.808944989238174,18051.713294925456,17263.63221037973,17263.63221037973,-797.2921559725669,-0.04416711826443061,-0.048419512371188654,23465.927406517745,6202.295196138017,0.26431067857200086
2021-07-30 00:00:00,2021-08-03 04:00:00,LONG,Market,Market,2392.8,2494.31,8.804452427293661,9.173283854362483,17254.827757952433,17977.657803130896,17977.657803130896,714.0255927511698,0.04138120662619124,0.038200175855133287,23465.927406517745,5488.269603386849,0.23388249304233602
2021-08-04 15:00:00,2021-08-12 11:00:00,LONG,Market,Market,2672.58,3094.34,9.168605479596758,10.610089718761934,17968.4891976513,20793.487398049736,20793.487398049736,2815.82959491884,0.15670931283899503,0.11926772789562112,23465.927406517745,2672.440008468009,0.11388597442459186
2021-08-13 23:00:00,2021-08-15 07:00:00,LONG,Market,Market,3322.32,3161.5,10.604678573005366,10.086202622260679,20782.88271947673,19766.781684163383,19766.781684163383,-1026.7057138863515,-0.04940150641008871,-0.05478663563129483,23465.927406517745,3699.145722354362,0.15763901670159056
2021-08-25 08:00:00,2021-08-27 14:00:00,SHORT,Market,Market,3103.51,3228.79,10.081058658923325,9.669180778211457,19756.700625504458,18949.50881571484,18949.50881571484,-817.2728684485429,-0.04136687010347787,-0.04507292265694122,23465.927406517745,4516.418590802907,0.19246708270087187
2021-08-30 18:00:00,2021-09-07 00:00:00,LONG,Market,Market,3323.75,3899.7,9.664249496014568,11.333118629858024,18939.844566218824,22210.468116385877,22210.468116385877,3260.959300671038,0.17217455450966565,0.12802420717448051,23465.927406517745,1255.4592901318683,0.053501371089350595
2021-09-15 15:00:00,2021-09-17 17:00:00,LONG,Market,Market,3498.14,3411.77,11.327338739356797,11.042029447302008,22199.14077764652,21639.99610251742,21639.99610251742,-570.4720138684573,-0.02569793216694655,-0.02707569527760689,23465.927406517745,1825.9313040003253,0.07781202389184783
2021-09-19 11:00:00,2021-09-23 03:00:00,SHORT,Market,Market,3326.19,3118.5,11.036398012283884,11.719539635884862,21628.959704505134,22967.769942491297,22967.769942491297,1327.7738399738791,0.0613887056110847,0.05465092083809104,23465.927406517745,498.157464026448,0.021228969790816066
2021-09-24 12:00:00,2021-09-26 09:00:00,SHORT,Market,Market,2805.0,2981.2,11.713562670670562,10.972160183867723,22956.056379820628,21503.067416027352,21503.067416027352,-1464.7025264639462,-0.06380462315606976,-0.0730949124110824,23465.927406517745,1962.859990490393,0.0836472369698545
2021-10-01 10:00:00,2021-10-06 08:00:00,LONG,Market,Market,3205.78,3379.16,10.966564382173951,11.553779807741364,21492.100851645177,22642.916431449834,22642.916431449834,1139.8490154224833,0.053035718717801855,0.047927522052419076,23465.927406517745,823.0109750679112,0.035072595291474266
2021-10-06 13:00:00,2021-10-10 00:00:00,LONG,Market,Market,3580.44,3567.57,11.547887380039416,11.500509896311966,22631.368544069795,22538.518894636953,22538.518894636953,-104.39753681288227,-0.004612957303469748,-0.004653515738269501,23465.927406517745,927.4085118807925,0.0395214941141939
2021-10-14 01:00:00,2021-10-17 19:00:00,LONG,Market,Market,3645.24,3766.35,11.494644636264846,11.870487394474699,22527.024250000686,23263.59499196768,23263.59499196768,725.0760973307276,0.032186945301073466,0.03022577176666496,23465.927406517745,202.33241455006646,0.008622391565647983
2021-10-20 13:00:00,2021-10-22 15:00:00,LONG,Market,Market,4000.0,3966.52,11.864433445903517,11.759127922610945,23251.730558521776,23045.354445824338,23045.354445824338,-218.2405461433422,-0.009385991532718706,-0.00956058427282794,23465.927406517745,420.57296069340737,0.01792270782260205
2021-10-25 15:00:00,2021-10-27 08:00:00,LONG,Market,Market,4210.11,4046.13,11.753130767370413,11.289596256946885,23033.601315056967,22125.173652658512,22125.173652658512,-920.1807931658255,-0.03994949728353192,-0.0433945344505926,23465.927406517745,1340.7537538592333,0.057136192856662216
2021-10-29 00:00:00,2021-10-31 11:00:00,LONG,Market,Market,4353.01,4207.48,11.283838562855841,10.90103446779486,22113.889814095655,21363.676353365263,21363.676353365263,-761.4972992932483,-0.03443524887276326,-0.03696197850211085,23465.927406517745,2102.251053152482,0.08958738415633956
2021-11-02 10:00:00,2021-11-05 11:00:00,LONG,Market,Market,4442.72,4473.58,10.895474940216285,10.965561745028587,21352.78087842505,21490.135899095338,21490.135899095338,126.45954573007309,0.005922392331476057,0.005850113911455239,23465.927406517745,1975.7915074224074,0.08419831329034216
2021-11-08 00:00:00,2021-11-10 20:00:00,LONG,Market,Market,4688.29,4638.66,10.959969308538623,10.83841721638744,21479.175929786797,21240.960046288394,21240.960046288394,-249.1758528069425,-0.011600810646622224,-0.011870160750048046,23465.927406517745,2224.9673602293515,0.09481693698631996
2021-11-16 00:00:00,2021-11-19 16:00:00,SHORT,Market,Market,4438.7,4250.57,10.832889623607082,11.286272221249103,21230.12715666479,22118.659259639735,22118.659259639735,877.6992133513395,0.04134215527182101,0.03816687822040111,23465.927406517745,1347.2681468780102,0.05741380357734345
2021-11-26 11:00:00,2021-11-28 21:00:00,SHORT,Market,Market,3985.44,4251.93,11.280516222416265,10.520866065150708,22107.378743417317,20618.628281289177,20618.628281289177,-1500.0309783505568,-0.06785205047419768,-0.07845925904407197,23465.927406517745,2847.2991252285683,0.12133759198614587
2021-11-30 11:00:00,2021-12-02 16:00:00,LONG,Market,Market,4590.47,4483.74,10.515500423457482,10.2657732206158,20608.11278086572,20118.70132602605,20118.70132602605,-499.92695526312576,-0.024258745115530396,-0.02548206864584502,23465.927406517745,3347.226080491695,0.1426419686085789
2021-12-03 16:00:00,2021-12-06 21:00:00,SHORT,Market,Market,4343.79,4318.04,10.260537676273286,10.316098279333533,20108.440788349777,20217.327586688374,20217.327586688374,98.62626066232386,0.004904719450921572,0.004854621220513612,23465.927406517745,3248.599819829371,0.13843901259692215
2021-12-10 14:00:00,2021-12-12 18:00:00,SHORT,Market,Market,4033.0,4148.85,10.310837069211072,10.009545496402941,20207.016749619164,19616.550251372108,19616.550251372108,-600.7773353162678,-0.029731124725652067,-0.03159363218988619,23465.927406517745,3849.3771551456375,0.1640411260317996
2021-12-13 15:00:00,2021-12-15 19:00:00,SHORT,Market,Market,3810.99,3969.54,10.004440628199776,9.583332260726657,19606.545810743908,18781.26423779154,18781.26423779154,-835.2860135805679,-0.04260240542333834,-0.046544468244906316,23465.927406517745,4684.663168726205,0.19963682182980858
2021-12-20 09:00:00,2021-12-20 20:00:00,SHORT,Market,Market,3768.24,3928.76,9.578444761273687,9.165743954023068,18771.685793030265,17962.881224718658,17962.881224718658,-818.3830130728807,-0.04359667118318899,-0.047734439525151925,23465.927406517745,5503.046181799087,0.2345121966187706
2021-12-23 19:00:00,2021-12-26 03:00:00,LONG,Market,Market,4133.64,4013.21,9.161069424606517,8.889633621906624,17953.72015529405,17421.764526979314,17421.764526979314,-541.1166977393423,-0.03013953058524097,-0.032055446166114665,23465.927406517745,6044.162879538431,0.2575718732454462
2021-12-28 01:00:00,2022-01-01 17:00:00,SHORT,Market,Market,3982.34,3760.77,8.88509990875945,9.374666843024617,17412.879427070555,18372.325025362104,18372.325025362104,950.5604983827902,0.05458950671334817,0.04919350669519289,23465.927406517745,5093.602381155641,0.2170637577162569
2022-01-05 19:00:00,2022-01-11 16:00:00,SHORT,Market,Market,3655.3,3218.67,9.369885762934674,10.483780478328404,18362.95513959917,20545.948529969522,20545.948529969522,2173.6235046074185,0.11837002748648358,0.09567185074170317,23465.927406517745,2919.9788765482226,0.12443483805107093
2022-01-17 17:00:00,2022-01-20 14:00:00,SHORT,Market,Market,3207.23,3220.03,10.478433750284458,10.431291827255128,20535.470096219236,20443.082094947506,20443.082094947506,-102.86643502201535,-0.005009207704524572,-0.005057293233359561,23465.927406517745,3022.8453115702396,0.12881848900336382
2022-01-20 23:00:00,2022-01-25 17:00:00,SHORT,Market,Market,3001.48,2480.61,10.425971868423229,12.2290312814062,20432.656123079083,23966.263677358198,23966.263677358198,3523.1815824106916,0.17242895692015242,0.12816488470820134,23966.263677358198,0.0,0.0
2022-02-04 15:00:00,2022-02-10 19:00:00,LONG,Market,Market,2871.78,3121.07,12.222794475452682,13.277041268116923,23954.040882882746,26020.137209941535,26020.137209941535,2053.8735325833363,0.08574225712585339,0.07315924865242887,26020.137209941535,0.0,0.0
2022-02-15 09:00:00,2022-02-17 13:00:00,LONG,Market,Market,3098.38,2994.15,13.270269977070184,12.817315800718522,26006.866939964464,25119.174450314025,25119.174450314025,-900.962759627509,-0.034643264092800406,-0.037201869862834996,26020.137209941535,900.9627596275095,0.034625596028113104
2022-02-18 15:00:00,2022-02-23 07:00:00,SHORT,Market,Market,2800.47,2695.63,12.810778969660154,13.283592544600259,25106.363671344367,26032.976298828453,26032.976298828453,913.8018485144261,0.0363972202616268,0.03391135828995321,26032.976298828453,0.0,0.0
2022-02-24 02:00:00,2022-02-24 20:00:00,SHORT,Market,Market,2496.21,2651.47,13.276817912402512,12.444672485457442,26019.69948091605,24388.873926450702,24388.873926450702,-1644.10237237775,-0.06318683171508589,-0.07228484878245951,26032.976298828453,1644.1023723777507,0.06315460643091121
2022-02-28 22:00:00,2022-03-03 15:00:00,LONG,Market,Market,2897.24,2828.0,12.438325702489859,12.134875101216032,24376.435600748213,23781.7378723812,23781.7378723812,-607.1360540695028,-0.02490667889323685,-0.026198338112966704,26032.976298828453,2251.238426447253,0.08647641363037557
2022-03-04 15:00:00,2022-03-09 01:00:00,SHORT,Market,Market,2671.72,2619.32,12.128686314914413,12.360257274614447,23769.609186066285,24223.43832040077,24223.43832040077,441.70044801957187,0.018582570902280382,0.017907884166664275,26032.976298828453,1809.537978427681,0.06950945438033201
2022-03-09 15:00:00,2022-03-10 04:00:00,LONG,Market,Market,2757.47,2602.86,12.353953543404394,11.655326135229169,24211.08436685737,22841.925331176866,22841.925331176866,-1381.5129892239072,-0.057061177776699036,-0.06437495082623307,26032.976298828453,3191.0509676515867,0.12257726243138752
2022-03-13 22:00:00,2022-03-14 07:00:00,SHORT,Market,Market,2504.83,2586.58,11.649381918900202,11.263434394364198,22830.275949257964,22073.90204475112,22073.90204475112,-768.0232864257434,-0.03364056081199956,-0.03604748225302064,26032.976298828453,3959.0742540773317,0.1520792017259855
2022-03-15 08:00:00,2022-03-15 15:00:00,SHORT,Market,Market,2516.62,2571.63,11.257690042823073,11.005995837550634,22062.644354708296,21569.37799935977,21569.37799935977,-504.52404539134847,-0.02286779577642424,-0.023950987103630066,26032.976298828453,4463.598299468682,0.1714593924348771
2022-03-16 19:00:00,2022-03-20 16:00:00,LONG,Market,Market,2753.17,2849.14,11.000382779673483,11.378028367763902,21558.3776165801,22298.481516267337,22298.481516267337,729.1035169075641,0.033819962238105794,0.031662178897925004,26032.976298828453,3734.494782561116,0.14345247119243823
2022-03-22 04:00:00,2022-03-31 15:00:00,LONG,Market,Market,3027.73,3350.72,11.372225573296342,12.578965115674883,22287.10929069404,24652.05851659978,24652.05851659978,2353.577000332444,0.10560261403282022,0.08715132805731524,26032.976298828453,1380.9177822286729,0.05304494447263095
2022-04-02 00:00:00,2022-04-04 15:00:00,LONG,Market,Market,3511.33,3424.73,12.57254984346589,12.256218941316815,24639.485966756314,24019.545626777926,24019.545626777926,-632.5128898218537,-0.02567070151849931,-0.027045452791553157,26032.976298828453,2013.4306720505265,0.07734154746421122
2022-04-10 17:00:00,2022-04-10 22:00:00,LONG,Market,Market,3295.73,3222.55,12.249968269656744,11.971855224307262,24007.29565850827,23462.254074789933,23462.254074789933,-557.2915519879922,-0.023213424781998972,-0.024330603092373858,26032.976298828453,2570.72222403852,0.09874868683970679
2022-04-11 02:00:00,2022-04-13 22:00:00,SHORT,Market,Market,3163.95,3122.91,11.965749578142866,12.114777156878104,23450.28832521179,23742.350236329596,23742.350236329596,280.09616153966283,0.01194425235439544,0.011659768405790128,26032.976298828453,2290.626062498857,0.08798940375488072
2022-04-18 04:00:00,2022-04-18 21:00:00,SHORT,Market,Market,2912.27,3042.56,12.108598620528095,11.560981430962677,23730.241637709067,22657.030059672325,22657.030059672325,-1085.3201766572702,-0.04573574063117074,-0.05031219975342892,26032.976298828453,3375.9462391561283,0.12967961098278472
2022-04-25 00:00:00,2022-04-25 18:00:00,SHORT,Market,Market,2856.55,2960.14,11.555085330432886,11.130372043386524,22645.47497434189,21813.12853655764,21813.12853655764,-843.9015231146831,-0.03726579036522099,-0.04024476069497815,26032.976298828453,4219.847762270812,0.16209624723012234
2022-04-26 20:00:00,2022-04-28 08:00:00,SHORT,Market,Market,2829.84,2931.13,11.124695553644397,10.721032767219858,21802.003841003996,21010.91184413446,21010.91184413446,-802.2166924231788,-0.03679554862358176,-0.039696610117612996,26032.976298828453,5022.064454693991,0.19291165163162677
2022-04-30 23:00:00,2022-05-02 04:00:00,SHORT,Market,Market,2726.66,2856.81,10.715565040508576,10.198881421490551,21000.196279093954,19987.607827383512,19987.607827383512,-1023.3040167509508,-0.04872830725728345,-0.05395948235005723,26032.976298828453,6045.368471444941,0.2322196433496925
2022-05-05 18:00:00,2022-05-15 11:00:00,SHORT,Market,Market,2728.99,2080.49,10.193679991965592,12.609607737449927,19977.414147391548,24712.111446085935,24712.111446085935,4724.503618702422,0.236492249890074,0.16049751672548124,26032.976298828453,1320.8648527425175,0.05073814217708022
2022-05-18 15:00:00,2022-05-20 01:00:00,SHORT,Market,Market,1956.07,2035.48,12.603176837503828,12.085362684448695,24699.508269248432,23684.704214665933,23684.704214665933,-1027.4072314200025,-0.041596262574148196,-0.04534553403169516,26032.976298828453,2348.2720841625196,0.0902037499365064
2022-05-26 08:00:00,2022-05-29 22:00:00,SHORT,Market,Market,1834.17,1810.66,12.079199149479626,12.227788394642017,23672.625015516453,23963.82788737402,23963.82788737402,279.1236727080879,0.011790989487863453,0.011513601057046477,26032.976298828453,2069.148411454433,0.0794818228889007
2022-06-03 12:00:00,2022-06-05 15:00:00,SHORT,Market,Market,1746.39,1811.41,12.221552222560751,11.760529604099968,23951.60633515146,23048.101439219365,23048.101439219365,-915.7264481546564,-0.038232360508144,-0.041374974376873416,26032.976298828453,2984.874859609088,0.11465745696328294
2022-06-10 16:00:00,2022-06-19 18:00:00,SHORT,Market,Market,1682.11,1110.58,11.754531734001876,15.740333718210174,23036.346907485364,30847.659113752714,30847.659113752714,7799.557674533348,0.3385761512385882,0.2018142138736725,30847.659113752714,0.0,0.0
2022-06-28 18:00:00,2022-07-03 04:00:00,SHORT,Market,Market,1162.44,1073.17,15.732306148013885,16.93183464369508,30831.9268076047,33182.743937307445,33182.743937307445,2335.08482355473,0.07573593561394874,0.06574401941280285,33182.743937307445,0.0,0.0
2022-07-05 20:00:00,2022-07-10 02:00:00,LONG,Market,Market,1154.65,1190.88,16.923199408026797,17.445305006866434,33165.82073789942,34189.03510061359,34189.03510061359,1006.2911633061436,0.03034121094902468,0.028591613436404952,34189.03510061359,0.0,0.0
2022-07-11 13:00:00,2022-07-14 15:00:00,SHORT,Market,Market,1136.49,1140.95,17.436407901312933,17.35912342628325,34171.59869271228,34020.1377908546,34020.1377908546,-168.89730975899408,-0.004942622418043746,-0.004989397946976733,34189.03510061359,168.89730975899147,0.004940101680610468
2022-07-14 17:00:00,2022-07-21 06:00:00,LONG,Market,Market,1195.78,1475.19,17.350270273335845,21.393476879081437,34002.78752058126,41926.60040367275,41926.60040367275,7906.462612818158,0.23252395433852363,0.15865897326443143,41926.60040367275,0.0,0.0
2022-07-22 08:00:00,2022-07-22 19:00:00,LONG,Market,Market,1619.81,1526.2,21.382566205873108,20.13657723214846,41905.21783746688,39463.3481916864,39463.3481916864,-2463.2522119863565,-0.058781515503398635,-0.06657421141117607,41926.60040367275,2463.252211986357,0.05875153693049191
2022-07-28 15:00:00,2022-07-31 22:00:00,LONG,Market,Market,1728.31,1684.69,20.126307577760063,19.608343846143853,39443.221884108636,38428.12468780847,38428.12468780847,-1035.223503877925,-0.02624591639393962,-0.02768502766837488,41926.60040367275,3498.4757158642824,0.0834428663946199
2022-08-05 11:00:00,2022-08-09 10:00:00,LONG,Market,Market,1713.43,1713.66,19.59834359078232,19.59097785148291,38408.52634421769,38394.09108387971,38394.09108387971,-34.03360392875621,-0.0008860950202501035,-0.0008872146228285506,41926.60040367275,3532.50931979304,0.08425460890655932
2022-08-10 12:00:00,2022-08-14 17:00:00,LONG,Market,Market,1823.0,1922.42,19.580986452778657,20.638333575294958,38374.51009742694,40446.68240229716,40446.68240229716,2052.5913184174474,0.05348840449575085,0.04829709166105095,41926.60040367275,1479.9180013755904,0.035297829710179654
2022-08-19 06:00:00,2022-08-23 11:00:00,SHORT,Market,Market,1748.75,1620.49,20.627808025171554,22.12943842992834,40426.05459427199,43368.926306527595,43368.926306527595,2922.243904230433,0.07228615143275666,0.06312745802116937,43368.926306527595,0.0,0.0
2022-08-26 18:00:00,2022-08-29 17:00:00,SHORT,Market,Market,1559.27,1542.86,22.118152416329075,22.339528319571162,43346.80815411127,43780.65717672192,43780.65717672192,411.7308701943224,0.009498527982279391,0.009316782558960469,43780.65717672192,0.0,0.0
2022-09-06 14:00:00,2022-09-06 18:00:00,LONG,Market,Market,1666.01,1573.01,22.32813516012818,21.07098245178014,43758.329041561796,41294.58088378378,41294.58088378378,-2486.076292938141,-0.05681378488143041,-0.06406008989907253,43780.65717672192,2486.076292938138,0.05678480985114082
2022-09-07 02:00:00,2022-09-07 20:00:00,SHORT,Market,Market,1497.84,1639.73,21.06023625072973,19.055482203861192,41273.520647533056,37344.635113602395,37344.635113602395,-3949.945770181391,-0.09570169222812548,-0.11828065623133453,43780.65717672192,6436.022063119526,0.14700606336584515
2022-09-09 05:00:00,2022-09-12 15:00:00,LONG,Market,Market,1707.5,1706.4,19.04576390793722,19.023787226836017,37325.589349694455,37282.51979480457,37282.51979480457,-62.115318797824735,-0.001664148373275001,-0.0016688512570535313,43780.65717672192,6498.137381917353,0.14842484788858762
2022-09-15 14:00:00,2022-09-21 17:00:00,SHORT,Market,Market,1491.44,1397.5,19.01408509535033,20.201400329781947,37263.505709709214,39590.3874815956,39590.3874815956,2307.8676867910362,0.06193372423866465,0.05508266818071185,43780.65717672192,4190.269695126321,0.09571052527174667
2022-09-21 21:00:00,2022-09-22 23:00:00,SHORT,Market,Market,1253.11,1326.46,20.191097615613756,18.99952980332274,39570.19638397999,37234.98047671185,37234.98047671185,-2355.4070048837525,-0.05952477420196328,-0.06752969633605733,43780.65717672192,6545.676700010074,0.14951069997849176
2022-10-02 10:00:00,2022-10-03 14:00:00,SHORT,Market,Market,1289.62,1319.98,18.989840043123042,18.533327854916205,37215.99063666872,36321.32521119647,36321.32521119647,-913.6552655153756,-0.02455007242545778,-0.0258038799762033,43780.65717672192,7459.331965525453,0.17037962530840134
2022-10-06 01:00:00,2022-10-07 12:00:00,LONG,Market,Market,1378.4,1331.29,18.523875857710202,17.88165536764277,36302.80133533876,35044.18769295151,35044.18769295151,-1277.1375182449551,-0.035180136828772295,-0.037822004339650724,43780.65717672192,8736.469483770408,0.19955089866525735
2022-10-08 21:00:00,2022-10-13 20:00:00,SHORT,Market,Market,1307.34,1293.65,17.872535723405274,18.05048012544407,35026.315157228106,35375.04780505901,35375.04780505901,330.8601121074989,0.009446043942170773,0.009266256801957124,43780.65717672192,8405.609371662911,0.1919936774300445
2022-10-14 12:00:00,2022-10-15 08:00:00,LONG,Market,Market,1338.74,1280.47,18.041274380580095,17.24720926968066,35357.00653067843,33800.810182261026,33800.810182261026,-1574.2376227979848,-0.04452406403330713,-0.04884905522898134,43780.65717672192,9979.846994460895,0.22795105505559102
2022-10-23 17:00:00,2022-10-31 13:00:00,LONG,Market,Market,1328.69,1559.33,17.238413192953125,20.22041699192217,33783.571769068076,39627.656037757435,39627.656037757435,5826.845855496406,0.17247571971745781,0.12819073167230552,43780.65717672192,4153.001138964486,0.0948592690648926
2022-11-04 13:00:00,2022-11-06 23:00:00,LONG,Market,Market,1616.45,1568.29,20.210104579256292,19.59797105081966,39607.445933178176,38407.79624624263,38407.79624624263,-1219.8597915148032,-0.03079874914360375,-0.032802567386330965,43780.65717672192,5372.860930479292,0.1227222540034422
2022-11-08 17:00:00,2022-11-12 14:00:00,SHORT,Market,Market,1447.42,1276.5,19.587976085583744,21.88987178267693,38388.20827015705,42899.42734915248,42899.42734915248,4491.631102909849,0.11700548958419708,0.0947780288016417,43780.65717672192,881.2298275694411,0.02012829145100154
2022-11-16 15:00:00,2022-11-19 22:00:00,SHORT,Market,Market,1192.29,1224.19,21.878707948067767,21.28247835724636,42877.54864120441,41709.06724173366,41709.06724173366,-1190.3601074188189,-0.02776185078535269,-0.02937803774125646,43780.65717672192,2071.58993498826,0.047317470055925064
2022-11-20 11:00:00,2022-11-23 02:00:00,SHORT,Market,Market,1167.76,1163.53,21.27162429328417,21.33778909082244,41687.79561744037,41817.4643497767,41817.4643497767,108.39710804304525,0.002600212038980938,0.0025854473652759664,43780.65717672192,1963.1928269452183,0.04484155683229542
2022-11-28 01:00:00,2022-11-29 04:00:00,SHORT,Market,Market,1164.0,1197.87,21.32690681838612,20.695777570695316,41796.137442958316,40559.26024340051,40559.26024340051,-1258.2041063761924,-0.030103358428594955,-0.032014511314643196,43780.65717672192,3221.396933321412,0.0735803695298165
2022-11-30 00:00:00,2022-12-03 14:00:00,LONG,Market,Market,1274.77,1269.01,20.68522272413426,20.58125553187175,40538.57502067638,40334.82174813822,40334.82174813822,-224.43849526228766,-0.005536417970977386,-0.005595521086081751,43780.65717672192,3445.8354285836976,0.07870680000700951
2022-12-05 04:00:00,2022-12-05 15:00:00,LONG,Market,Market,1300.64,1266.59,20.570759091550496,20.022012126115204,40314.250989046675,39238.825293982125,39238.825293982125,-1095.996454156101,-0.027186328091619055,-0.028734010756216892,43780.65717672192,4541.831882739796,0.10374060545520267
2022-12-13 12:00:00,2022-12-15 08:00:00,LONG,Market,Market,1290.18,1283.79,20.011800899930886,19.902531036665298,39218.81349308219,39004.66812909137,39004.66812909137,-234.15716489075223,-0.005970531590203646,-0.0060395687100168755,43780.65717672192,4775.989047630552,0.1090890213993849
2022-12-16 09:00:00,2022-12-20 02:00:00,SHORT,Market,Market,1212.89,1193.06,19.8923807458366,20.20729786530952,38984.775748345535,39601.94537921218,39601.94537921218,597.2772501208067,0.015320781988752478,0.014857930354229765,43780.65717672192,4178.711797509743,0.09544652974582471
2022-12-27 14:00:00,2022-12-31 13:00:00,SHORT,Market,Market,1209.95,1201.1,20.196992143398212,20.33434424267227,39581.74838706878,39850.92887668335,39850.92887668335,248.98349747117132,0.0062903612805672166,0.00620907834281573,43780.65717672192,3929.7283000385723,0.08975946350407915
2023-01-04 01:00:00,2023-01-18 15:00:00,LONG,Market,Market,1224.1,1549.75,20.32397372710851,25.71768219398888,39830.60490295624,50401.11014915675,50401.11014915675,10550.181272473403,0.26487625026478984,0.17309200554082757,50401.11014915675,0.0,0.0
2023-01-20 20:00:00,2023-01-23 14:00:00,LONG,Market,Market,1641.35,1599.13,25.704566176069946,25.03060248469557,50375.40558298068,49054.58211260466,49054.58211260466,-1346.5280365520944,-0.026729869883311046,-0.028224333660843964,50401.11014915675,1346.5280365520957,0.02671623764967058
2023-01-29 18:00:00,2023-01-30 09:00:00,LONG,Market,Market,1629.37,1587.79,25.017836877428376,24.366971559125332,49029.56427572723,47754.00863456898,47754.00863456898,-1300.5734780356795,-0.02652631116037771,-0.027997358508647652,50401.11014915675,2647.1015145877755,0.05252069858687554
2023-02-02 00:00:00,2023-02-05 12:00:00,LONG,Market,Market,1692.5,1648.2,24.35454440363018,23.704985580159157,47729.65409016535,46456.65889708485,46456.65889708485,-1297.3497374841265,-0.027181209715731926,-0.028728290171558438,50401.11014915675,3944.4512520719,0.07826119782676838
2023-02-08 00:00:00,2023-02-08 18:00:00,LONG,Market,Market,1687.48,1646.41,23.692896037513275,23.10446747364711,46432.96600104734,45279.772931834406,45279.772931834406,-1176.885965250445,-0.025345914047874937,-0.026685009671637876,50401.11014915675,5121.337217322347,0.10161159550189056
2023-02-09 19:00:00,2023-02-14 14:00:00,SHORT,Market,Market,1579.81,1554.76,23.09268419523555,23.446885568350222,45256.68024763917,45950.838542569334,45950.838542569334,671.0656107349309,0.014827990189800485,0.014393783843068754,50401.11014915675,4450.271606587419,0.0882970949135309
2023-02-16 15:00:00,2023-02-19 22:00:00,LONG,Market,Market,1724.14,1685.55,23.43492765671036,22.898718742787217,45927.403614912626,44876.54979652626,44876.54979652626,-1074.2887460430743,-0.023391018465808783,-0.02452587424208376,50401.11014915675,5524.560352630491,0.10961187831540098
2023-02-24 15:00:00,2023-02-26 18:00:00,SHORT,Market,Market,1602.94,1630.0,22.887040396228397,22.489197931741927,44853.662756130034,44073.977334895564,44073.977334895564,-802.5724616306981,-0.01789313095776136,-0.01854740940307592,50401.11014915675,6327.132814261189,0.12553558434599374
2023-03-01 04:00:00,2023-03-02 12:00:00,LONG,Market,Market,1658.99,1634.99,22.47772844079674,22.141253584526922,44051.49960645477,43392.08146117414,43392.08146117414,-681.8958737214264,-0.01547951556276894,-0.015965649981201487,50401.11014915675,7009.028687982616,0.1390649663715767
2023-03-03 01:00:00,2023-03-06 15:00:00,SHORT,Market,Market,1552.79,1578.0,22.12996154519881,21.75957209991024,43369.951499628936,42644.06807478291,42644.06807478291,-748.013386391225,-0.01724727283583946,-0.01785402926253293,50401.11014915675,7757.042074373843,0.1539061749119751
2023-03-07 16:00:00,2023-03-08 00:00:00,SHORT,Market,Market,1554.08,1567.63,21.748474718139285,21.547855082671916,42622.31960006477,42229.14838545049,42229.14838545049,-414.91968933242106,-0.00973479841608129,-0.00992293059732897,50401.11014915675,8171.961763706262,0.1621385270983557
2023-03-08 05:00:00,2023-03-12 17:00:00,SHORT,Market,Market,1551.12,1514.98,21.53686567657975,22.027419712882903,42207.61151977391,43168.991625155555,43168.991625155555,939.8432397050626,0.022267150541431465,0.021307369432553076,50401.11014915675,7232.118524001198,0.14349125451003972
2023-03-13 14:00:00,2023-03-20 16:00:00,LONG,Market,Market,1643.34,1752.88,22.016185728829335,23.47174039286684,43146.97543942673,45999.54863777741,45999.54863777741,2830.557012621848,0.06560267513062687,0.057967456242821055,50401.11014915675,4401.5615113793465,0.08733064605825926
2023-03-23 15:00:00,2023-03-24 14:00:00,LONG,Market,Market,1836.99,1763.12,23.45976980526648,22.50490994534456,45976.08886797214,44104.76949269105,44104.76949269105,-1894.7791450863576,-0.0412122734173306,-0.044889352721538385,50401.11014915675,6296.340656465705,0.12492464229125809
2023-03-29 06:00:00,2023-04-02 15:00:00,LONG,Market,Market,1805.06,1797.54,22.493432441272436,22.388299446979104,44082.27606024977,43876.23806717871,43876.23806717871,-228.5314255123348,-0.005184202040747347,-0.00523581748265732,50401.11014915675,6524.872081978043,0.12945889609709735
2023-04-04 11:00:00,2023-04-07 07:00:00,LONG,Market,Market,1864.91,1850.79,22.376881414261145,22.196131046238428,43853.86118576445,43499.62944981342,43499.62944981342,-376.60861736528824,-0.008587809765940072,-0.00873335425244391,50401.11014915675,6901.48069934333,0.13693112470973612
2023-04-10 16:00:00,2023-04-12 02:00:00,LONG,Market,Market,1882.92,1864.87,22.184811019404847,21.960937752856935,43477.44463879402,43038.70132275094,43038.70132275094,-460.9281270624858,-0.01060154594852176,-0.010825557385165477,50401.11014915675,7362.4088264058155,0.1460763226170524
2023-04-13 08:00:00,2023-04-17 11:00:00,LONG,Market,Market,1963.18,2076.5,21.94973767460298,23.20489470138735,43016.75158507634,45476.588637430665,45476.588637430665,2437.887314679724,0.056672975639692244,0.050879974501157985,50401.11014915675,4924.521511726089,0.09770660799241303
2023-04-21 19:00:00,2023-04-25 20:00:00,SHORT,Market,Market,1842.7,1860.28,23.19306020508964,22.960074717160705,45453.39557722557,44996.79427265677,44996.79427265677,-479.79436477389106,-0.010555743056835386,-0.010777778506339354,50401.11014915675,5404.315876499983,0.10722612776794958
2023-04-30 23:00:00,2023-05-02 22:00:00,SHORT,Market,Market,1870.09,1873.93,22.948365079054955,22.88956379733522,44973.845907577714,44858.60807803643,44858.60807803643,-138.18619462034042,-0.0030725901205851114,-0.003090002034877599,50401.11014915675,5542.502071120325,0.10996785695231467
2023-05-05 13:00:00,2023-05-06 14:00:00,LONG,Market,Market,1932.0,1875.86,22.87789011979858,22.20177636824829,44835.730187916626,43510.69306333428,43510.69306333428,-1347.9150147021467,-0.030063411681994064,-0.03196931220109384,50401.11014915675,6890.417085822475,0.13671161340357416
2023-05-11 14:00:00,2023-05-14 12:00:00,SHORT,Market,Market,1798.59,1808.3,22.190453462300482,22.059398417572304,43488.502609871975,43231.6629889791,43231.6629889791,-279.0300743551757,-0.006416180314560551,-0.006496227481789024,50401.11014915675,7169.447160177653,0.14224780245832747
2023-05-18 17:00:00,2023-05-19 15:00:00,SHORT,Market,Market,1778.44,1815.45,22.048148124379342,21.578307382806234,43209.61484085472,42288.82832557059,42288.82832557059,-942.8346634085126,-0.021820020078426195,-0.022803531367813053,50401.11014915675,8112.281823586163,0.16095442738421284
2023-05-22 01:00:00,2023-05-22 08:00:00,SHORT,Market,Market,1793.96,1811.65,21.567302446041,21.343739295273124,42267.26102312455,41829.12546712261,41829.12546712261,-459.7028584479775,-0.01087609765384307,-0.01111214103219279,50401.11014915675,8571.98468203414,0.1700753149417991
2023-05-23 14:00:00,2023-05-24 03:00:00,LONG,Market,Market,1856.3,1821.95,21.332853988232532,20.927420650360983,41807.79261313438,41013.23071731235,41013.23071731235,-815.8947498102618,-0.019515374977102703,-0.02029723438562893,50401.11014915675,9387.879431844405,0.18626334626483362
2023-05-25 01:00:00,2023-05-26 13:00:00,SHORT,Market,Market,1777.15,1823.2,20.9167476658293,20.36435602147039,40992.31396964652,39909.745489998895,39909.745489998895,-1103.4852273134563,-0.026919320244535385,-0.028435752887389767,50401.11014915675,10491.364659157858,0.20815741217028305
2023-05-28 21:00:00,2023-05-31 05:00:00,LONG,Market,Market,1867.99,1864.23,20.35397019989944,20.3026409027923,39889.391519799,39788.797168493875,39788.797168493875,-120.94832150502373,-0.0030320924159745913,-0.0030490264791407963,50401.11014915675,10612.312980662879,0.2105571275961355
2023-06-05 15:00:00,2023-06-06 17:00:00,SHORT,Market,Market,1820.6,1875.11,20.292286555931877,19.674682511996217,39768.504881937944,38558.134164539406,38558.134164539406,-1230.6630039544705,-0.03094566938354811,-0.032969364537449836,50401.11014915675,11842.975984617347,0.23497450650529944
2023-06-10 04:00:00,2023-06-14 09:00:00,SHORT,Market,Market,1788.2,1745.11,19.6646484239151,20.128234011008413,38538.46951611549,39446.997277770184,39446.997277770184,888.8631132307804,0.023064307544934753,0.022036547742243975,50401.11014915675,10954.11287138657,0.2173387220830857
2023-06-14 19:00:00,2023-06-16 18:00:00,SHORT,Market,Market,1728.33,1717.51,20.117968611662796,20.233590313636142,39426.879309158525,39653.47290701213,39653.47290701213,206.4756292419444,0.005236925489915249,0.00518002749186059,50401.11014915675,10747.637242144621,0.213242073643579
2023-06-30 12:00:00,2023-06-30 13:00:00,LONG,Market,Market,1906.66,1855.36,20.223271182576187,19.669113781486836,39633.249635829554,38547.22065383976,38547.22065383976,-1106.2522531723714,-0.027912226813021378,-0.02954657158794676,50401.11014915675,11853.889495316995,0.23519103964648125
2023-06-30 17:00:00,2023-07-04 19:00:00,LONG,Market,Market,1931.8,1934.29,19.659082533458278,19.674383117609825,38527.5615713063,38557.54741611734,38557.54741611734,10.326762277580709,0.0002680357088903245,0.00026775554778607914,50401.11014915675,11843.562733039413,0.23498614808264426
2023-07-10 18:00:00,2023-07-12 19:00:00,LONG,Market,Market,1888.19,1870.04,19.664349182219844,19.465395565992083,38537.88306693512,38147.976890693,38147.976890693,-409.57052542434593,-0.010627738028915002,-0.0108528834381645,50401.11014915675,12253.133258463757,0.24311236840224165
2023-07-13 15:00:00,2023-07-16 03:00:00,LONG,Market,Market,1932.8,1923.01,19.45546821425343,19.34705053297125,38128.52142247874,37916.04615137144,37916.04615137144,-231.93073932155494,-0.006082867382967013,-0.006154602192078859,50401.11014915675,12485.063997785313,0.24771406742504457
2023-07-22 23:00:00,2023-07-23 17:00:00,SHORT,Market,Market,1866.52,1894.31,19.337183537199437,19.039563464102816,37896.70896783424,37313.43781712965,37313.43781712965,-602.6083342417891,-0.01590133683516602,-0.016415001859946664,50401.11014915675,13087.672332027105,0.25967031863575074
2023-07-24 09:00:00,2023-07-26 18:00:00,SHORT,Market,Market,1842.42,1871.39,19.02985328673612,18.721077442839185,37294.40796384291,36689.27390851635,36689.27390851635,-624.163908613298,-0.016736125941948926,-0.017306585467643822,50401.11014915675,13711.836240640405,0.272054250393725
2023-07-30 22:00:00,2023-07-31 00:00:00,SHORT,Market,Market,1855.84,1872.97,18.71152969334334,18.529361460739334,36670.56237882301,36313.55193410658,36313.55193410658,-375.72197440977004,-0.010245874348159625,-0.010454776341006979,50401.11014915675,14087.558215050172,0.2795088872717195
2023-07-31 15:00:00,2023-08-01 23:00:00,SHORT,Market,Market,1857.37,1873.47,18.519911486394356,18.35001445176127,36295.03202262019,35962.07047919779,35962.07047919779,-351.4814549087904,-0.009684010051010184,-0.009870138757577264,50401.11014915675,14439.039669958962,0.2864825720550232
2023-08-07 15:00:00,2023-08-08 00:00:00,SHORT,Market,Market,1818.18,1835.19,18.340655944390875,18.159803540536227,35943.7298232534,35589.29811907952,35589.29811907952,-372.77236011827404,-0.010370998278456707,-0.010585154329808296,50401.11014915675,14811.812030077235,0.2938786861290008
2023-08-13 19:00:00,2023-08-13 21:00:00,LONG,Market,Market,1858.59,1848.52,18.150542040730556,18.042994225054986,35571.147577038784,35360.37705490237,35360.37705490237,-228.92106417714638,-0.006435582762162983,-0.0065161280032795124,50401.11014915675,15040.733094254385,0.29842067069044564
2023-08-13 22:00:00,2023-08-14 05:00:00,SHORT,Market,Market,1839.13,1850.78,18.033792298000208,17.91041796252987,35342.343262604365,35100.556175233294,35100.556175233294,-259.820879669071,-0.00735154649306988,-0.0074573879530651106,50401.11014915675,15300.55397392346,0.3035757333249821
2023-08-14 19:00:00,2023-08-21 21:00:00,SHORT,Market,Market,1842.63,1673.64,17.90128364936898,19.533066768062014,35082.65489158392,38280.59785100059,38280.59785100059,3180.041675767296,0.0906442709536833,0.0767002562445809,50401.11014915675,12120.512298156165,0.2404810581014345
2023-08-22 15:00:00,2023-08-23 16:00:00,SHORT,Market,Market,1649.88,1682.0,19.5231049040103,19.133264542533432,38261.07474609658,37497.07172081713,37497.07172081713,-783.5261301834562,-0.02047841403784383,-0.021341608868835283,50401.11014915675,12904.03842833962,0.2560268690541038
2023-08-28 09:00:00,2023-08-28 12:00:00,SHORT,Market,Market,1634.98,1655.4,19.12350657761674,18.875033330731323,37477.94821423951,36990.99424261304,36990.99424261304,-506.0774782040939,-0.013503340025743802,-0.013870868377525608,50401.11014915675,13410.115906543717,0.2660678676889834
2023-09-01 17:00:00,2023-09-05 10:00:00,SHORT,Market,Market,1606.34,1633.54,18.86540706373265,18.536502508795373,36972.1288355493,36327.546848070364,36327.546848070364,-663.4473945426703,-0.01794452782239455,-0.018602667800631814,50401.11014915675,14073.56330108639,0.27923121652354815
2023-09-10 15:00:00,2023-09-12 10:00:00,SHORT,Market,Market,1619.8,1613.39,18.527048892515886,18.590879401584587,36309.01979917785,36434.1138295878,36434.1138295878,106.56698151743359,0.0029350002315360387,0.0029163928846406817,50401.11014915675,13966.996319568956,0.2771168388599995
2023-09-18 10:00:00,2023-09-19 00:00:00,LONG,Market,Market,1648.49,1630.2,18.581398053089778,18.365866031727716,36415.53243153471,35993.13615696379,35993.13615696379,-440.9776726240112,-0.012109603874475782,-0.012403682122936518,50401.11014915675,14407.973992192965,0.2858662031362819
2023-09-19 09:00:00,2023-09-20 04:00:00,LONG,Market,Market,1653.36,1635.57,18.356499440051532,18.149724128969257,35974.77965752374,35569.54464639899,35569.54464639899,-423.59151056480215,-0.011774679778371138,-0.012052355186603712,50401.11014915675,14831.565502757767,0.2942706114779083
2023-09-21 09:00:00,2023-09-25 16:00:00,SHORT,Market,Market,1610.05,1590.61,18.140467769663484,18.3501353209327,35551.404178629324,35962.30735670397,35962.30735670397,392.76271030498106,0.01104774113369842,0.010803519552597438,50401.11014915675,14438.802792452785,0.2864778722080263
2023-09-28 05:00:00,2023-10-02 18:00:00,LONG,Market,Market,1613.89,1658.36,18.340776751919027,18.83653692193392,35943.96657995205,36915.549584517124,36915.549584517124,953.2422278131537,0.026520229081918575,0.025172237670988303,50401.11014915675,13485.560564639629,0.26756475253681
2023-10-09 09:00:00,2023-10-14 15:00:00,SHORT,Market,Market,1592.57,1556.23,18.826930288103735,19.246711073508294,36896.72265422902,37719.40245266824,37719.40245266824,803.8528681511141,0.021786565589694135,0.020866691079366884,50401.11014915675,12681.707696488513,0.25161564217451443
2023-10-20 08:00:00,2023-10-27 07:00:00,LONG,Market,Market,1611.2,1776.77,19.236895250860805,21.202896481070482,37700.16555741738,41553.10392914733,41553.10392914733,3833.701476479089,0.10168924777373613,0.08446731251994749,50401.11014915675,8848.006220009425,0.17555181212923063
2023-10-30 13:00:00,2023-10-31 07:00:00,LONG,Market,Market,1819.06,1790.58,21.19208300386514,20.849651723345275,41531.91184614346,40860.820394051705,40860.820394051705,-692.2835350956228,-0.016668713389843774,-0.01723447228178712,50401.11014915675,9540.289755105048,0.18928729400744487
2023-11-01 19:00:00,2023-11-02 15:00:00,LONG,Market,Market,1835.9,1803.2,20.83901840096637,20.457407131353797,40839.981375650736,40092.10559552315,40092.10559552315,-768.7147985285524,-0.01882260404229442,-0.019548537980791415,50401.11014915675,10309.004553633604,0.2045392358050288
2023-11-05 03:00:00,2023-11-07 15:00:00,LONG,Market,Market,1888.58,1863.1,20.44697385371681,20.16082382572964,40071.658621669434,39510.86628544807,39510.86628544807,-581.2393100750792,-0.014504997548585726,-0.014930513216650471,50401.11014915675,10890.243863708682,0.2160715077798913
2023-11-09 02:00:00,2023-11-13 03:00:00,LONG,Market,Market,1917.82,2039.74,20.150541805578516,21.420625601348434,39490.7157436425,41979.8060437093,41979.8060437093,2468.9397582612255,0.06251949886876115,0.05554576881113643,50401.11014915675,8421.304105447452,0.1670856868137526
2023-11-20 14:00:00,2023-11-21 17:00:00,LONG,Market,Market,2038.01,1975.81,21.409701082291743,20.745691988577185,41958.396342627006,40657.08173659413,40657.08173659413,-1322.7243071151645,-0.03152466305704259,-0.033627708536655906,50401.11014915675,9744.02841256262,0.19332963864736707
2023-11-22 18:00:00,2023-11-26 14:00:00,LONG,Market,Market,2062.96,2064.5,20.73511168566301,20.740007649025188,40636.34662490847,40645.94165710625,40645.94165710625,-11.14007948788321,-0.0002741407733010817,-0.0002741511968897902,50401.11014915675,9755.168492050507,0.19355066710199673
2023-11-28 05:00:00,2023-11-28 17:00:00,SHORT,Market,Market,1997.59,2071.96,20.72943024512419,19.947498003124444,40625.21222686112,39092.793684593824,39092.793684593824,-1553.1479725124204,-0.03823113498679742,-0.04137353837659075,50401.11014915675,11308.31646456293,0.22436641635664697
2023-12-01 01:00:00,2023-12-07 10:00:00,LONG,Market,Market,2088.52,2232.42,19.937324779142852,21.300147117258405,39072.85635981468,41743.69420044823,41743.69420044823,2650.9005158544114,0.0678450659312634,0.059712235978154886,50401.11014915675,8657.41594870852,0.17177034242078823
2023-12-07 15:00:00,2023-12-10 09:00:00,LONG,Market,Market,2321.39,2322.62,21.2892840422286,21.28970098714171,41722.404916406005,41723.2220385064,41723.2220385064,-20.472161941834557,-0.0004906755011570422,-0.00049090676280173,50401.11014915675,8677.888110650354,0.17217652716317283
2023-12-17 23:00:00,2023-12-19 01:00:00,SHORT,Market,Market,2196.52,2247.41,21.278843239638267,20.775244292248974,41701.94319526676,40714.99787776456,40714.99787776456,-1008.2241607418373,-0.0241769107981585,-0.025391742172938134,50401.11014915675,9686.112271392194,0.19218053417329836
2023-12-19 17:00:00,2023-12-20 04:00:00,SHORT,Market,Market,2140.76,2214.01,20.764648917659926,20.04392104342213,40694.2332288469,39281.76204645095,39281.76204645095,-1433.2358313136042,-0.03521962984911649,-0.03786767873514684,50401.11014915675,11119.3481027058,0.22061712668231445
2023-12-22 08:00:00,2023-12-24 22:00:00,LONG,Market,Market,2291.46,2259.6,20.033698643689988,19.74507898942146,39261.728347807264,38696.09607673893,38696.09607673893,-585.6659697120207,-0.014916968619511363,-0.015367603253683401,50401.11014915675,11705.01407241782,0.2322372272709484
2023-12-26 05:00:00,2023-12-27 10:00:00,SHORT,Market,Market,2234.69,2278.6,19.73500899913686,19.337363631193288,38676.361067739796,37897.061913218386,37897.061913218386,-799.0341635205468,-0.020659496950115777,-0.02153845398228899,50401.11014915675,12504.048235938368,0.24809073052029926
